Origin_Airport_ID,Destination_Airport_ID,Flights,Total_Passengers,Total_Revenue_USD,Avg_Load_Factor_Pct,Avg_Delay_Minutes,Route_ID,Origin_City,Destination_City,Route_Name
AP001,AP002,8,1810,700570.0,76.13159525659526,28.5,RT00001,Chennai,Delhi,Chennai → Delhi
AP001,AP003,11,2430,1072337.0,71.59560173196537,8.0,RT00002,Chennai,Mumbai,Chennai → Mumbai
AP001,AP004,2,363,125721.0,69.8939393939394,3.0,RT00003,Chennai,Bengaluru,Chennai → Bengaluru
AP001,AP005,5,1017,412519.0,73.24043604043604,7.6,RT00004,Chennai,Hyderabad,Chennai → Hyderabad
AP001,AP006,6,1226,450219.0,71.90342615342615,61.0,RT00005,Chennai,Kolkata,Chennai → Kolkata
AP001,AP007,7,1817,749391.0,84.84696234696234,9.285714285714286,RT00006,Chennai,Kochi,Chennai → Kochi
AP001,AP008,10,2063,938336.0,68.7561519061519,19.4,RT00007,Chennai,Pune,Chennai → Pune
AP001,AP009,9,1565,408812.0,75.773341884453,16.444444444444443,RT00008,Chennai,Ahmedabad,Chennai → Ahmedabad
AP001,AP010,12,2561,1090779.0,76.6093135259802,30.33333333333333,RT00009,Chennai,Goa,Chennai → Goa
AP001,AP011,8,1500,517985.0,62.27232302232302,14.75,RT00010,Chennai,Dubai,Chennai → Dubai
AP001,AP012,4,784,271215.0,69.84259259259258,45.0,RT00011,Chennai,Singapore,Chennai → Singapore
AP001,AP013,7,1552,580215.0,65.1954711954712,47.0,RT00012,Chennai,London,Chennai → London
AP001,AP014,6,1194,594264.0,72.80050196716863,21.33333333333333,RT00013,Chennai,New York,Chennai → New York
AP001,AP015,5,1143,276653.0,76.2959952959953,34.0,RT00014,Chennai,Los Angeles,Chennai → Los Angeles
AP001,AP016,6,1182,385366.0,71.27468377468377,5.333333333333333,RT00015,Chennai,Doha,Chennai → Doha
AP001,AP017,7,1494,406486.0,73.65931951646238,19.142857142857142,RT00016,Chennai,Frankfurt,Chennai → Frankfurt
AP001,AP018,3,539,170780.0,67.4228257561591,23.666666666666668,RT00017,Chennai,Sydney,Chennai → Sydney
AP001,AP019,7,1373,388887.0,80.97802276373704,52.42857142857143,RT00018,Chennai,Melbourne,Chennai → Melbourne
AP001,AP020,9,1863,843274.0,71.28072883628438,33.0,RT00019,Chennai,Bangkok,Chennai → Bangkok
AP001,AP021,6,1214,393035.0,74.5763187429854,20.5,RT00020,Chennai,Kuala Lumpur,Chennai → Kuala Lumpur
AP001,AP022,6,1224,453701.0,75.77895644562311,9.5,RT00021,Chennai,Hong Kong,Chennai → Hong Kong
AP001,AP023,6,1456,480432.0,82.04636104636104,30.666666666666668,RT00022,Chennai,Tokyo,Chennai → Tokyo
AP001,AP024,5,768,271829.0,58.72568172568173,3.8,RT00023,Chennai,Paris,Chennai → Paris
AP001,AP025,8,1746,553825.0,73.06823731823731,27.625,RT00024,Chennai,Amsterdam,Chennai → Amsterdam
AP001,AP026,4,891,292700.0,80.50844525844526,49.25,RT00025,Chennai,Toronto,Chennai → Toronto
AP001,AP027,10,2244,1002545.0,75.08159663159663,6.9,RT00026,Chennai,Istanbul,Chennai → Istanbul
AP001,AP028,8,1425,331848.0,72.9947024947025,18.875,RT00027,Chennai,Abu Dhabi,Chennai → Abu Dhabi
AP001,AP029,9,1996,769067.0,75.32713249379916,10.0,RT00028,Chennai,Cape Town,Chennai → Cape Town
AP001,AP030,7,1500,416058.0,66.85707621421908,50.0,RT00029,Chennai,Hahn,Chennai → Hahn
AP002,AP001,3,282,109470.0,51.09347442680777,96.0,RT00030,Delhi,Chennai,Delhi → Chennai
AP002,AP003,8,1773,699278.0,74.96730121730121,20.375,RT00031,Delhi,Mumbai,Delhi → Mumbai
AP002,AP004,4,746,385162.0,64.98634473634473,52.25,RT00032,Delhi,Bengaluru,Delhi → Bengaluru
AP002,AP005,8,1534,405814.0,66.04331254331254,43.75,RT00033,Delhi,Hyderabad,Delhi → Hyderabad
AP002,AP006,7,1038,344645.0,53.65208065208065,27.142857142857142,RT00034,Delhi,Kolkata,Delhi → Kolkata
AP002,AP007,5,983,309389.0,83.24436124436124,9.4,RT00035,Delhi,Kochi,Delhi → Kochi
AP002,AP008,6,1075,559545.0,63.8340331673665,34.5,RT00036,Delhi,Pune,Delhi → Pune
AP002,AP009,6,1119,412361.0,76.41346924680256,27.166666666666668,RT00037,Delhi,Ahmedabad,Delhi → Ahmedabad
AP002,AP010,3,568,302269.0,69.991045991046,106.33333333333331,RT00038,Delhi,Goa,Delhi → Goa
AP002,AP011,8,1463,551575.0,68.83688396188396,36.625,RT00039,Delhi,Dubai,Delhi → Dubai
AP002,AP012,4,705,186518.0,65.46581196581197,7.0,RT00040,Delhi,Singapore,Delhi → Singapore
AP002,AP013,3,666,235862.0,86.59171075837742,69.0,RT00041,Delhi,London,Delhi → London
AP002,AP014,6,1200,344264.0,73.63813163813164,12.333333333333334,RT00042,Delhi,New York,Delhi → New York
AP002,AP015,7,1618,767629.0,77.44620694620696,60.285714285714285,RT00043,Delhi,Los Angeles,Delhi → Los Angeles
AP002,AP016,6,1565,512773.0,81.86700336700336,44.333333333333336,RT00044,Delhi,Doha,Delhi → Doha
AP002,AP017,6,1263,478803.0,77.43147693147692,24.166666666666668,RT00045,Delhi,Frankfurt,Delhi → Frankfurt
AP002,AP018,2,421,226815.0,81.0151515151515,11.0,RT00046,Delhi,Sydney,Delhi → Sydney
AP002,AP019,6,1487,518833.0,81.0500273000273,36.0,RT00047,Delhi,Melbourne,Delhi → Melbourne
AP002,AP020,5,1049,342768.0,82.53974913974915,24.0,RT00048,Delhi,Bangkok,Delhi → Bangkok
AP002,AP021,6,1105,418755.0,80.7663139329806,9.833333333333334,RT00049,Delhi,Kuala Lumpur,Delhi → Kuala Lumpur
AP002,AP022,5,1090,429045.0,84.27535327535327,14.2,RT00050,Delhi,Hong Kong,Delhi → Hong Kong
AP002,AP023,7,1167,488271.0,65.65306529592245,40.285714285714285,RT00051,Delhi,Tokyo,Delhi → Tokyo
AP002,AP024,3,614,131000.0,84.14814814814815,6.333333333333333,RT00052,Delhi,Paris,Delhi → Paris
AP002,AP025,6,1481,544198.0,78.74605024605025,8.166666666666666,RT00053,Delhi,Amsterdam,Delhi → Amsterdam
AP002,AP026,8,1868,419262.0,78.23488254738255,30.875,RT00054,Delhi,Toronto,Delhi → Toronto
AP002,AP027,3,431,180655.0,56.16117216117217,14.333333333333334,RT00055,Delhi,Istanbul,Delhi → Istanbul
AP002,AP028,6,1333,561358.0,71.68302168302169,19.666666666666668,RT00056,Delhi,Abu Dhabi,Delhi → Abu Dhabi
AP002,AP029,2,353,96918.0,72.94444444444444,8.0,RT00057,Delhi,Cape Town,Delhi → Cape Town
AP002,AP030,6,1060,285106.0,71.25482075482076,55.0,RT00058,Delhi,Hahn,Delhi → Hahn
AP003,AP001,5,958,293527.0,71.86402486402486,7.6,RT00059,Mumbai,Chennai,Mumbai → Chennai
AP003,AP002,9,1907,628323.0,77.5959225959226,37.44444444444444,RT00060,Mumbai,Delhi,Mumbai → Delhi
AP003,AP004,7,1375,496669.0,71.17503217503217,20.285714285714285,RT00061,Mumbai,Bengaluru,Mumbai → Bengaluru
AP003,AP005,3,615,187032.0,74.7871962871963,8.333333333333334,RT00062,Mumbai,Hyderabad,Mumbai → Hyderabad
AP003,AP006,3,565,234413.0,72.4074074074074,4.333333333333333,RT00063,Mumbai,Kolkata,Mumbai → Kolkata
AP003,AP007,11,2362,794905.0,75.67316521861977,30.181818181818183,RT00064,Mumbai,Kochi,Mumbai → Kochi
AP003,AP008,9,1910,619828.0,76.67417767417767,18.11111111111111,RT00065,Mumbai,Pune,Mumbai → Pune
AP003,AP009,3,577,105574.0,74.28559511892844,7.0,RT00066,Mumbai,Ahmedabad,Mumbai → Ahmedabad
AP003,AP010,4,728,239252.0,55.98544973544973,6.75,RT00067,Mumbai,Goa,Mumbai → Goa
AP003,AP011,4,937,339002.0,73.5975135975136,60.75,RT00068,Mumbai,Dubai,Mumbai → Dubai
AP003,AP012,5,814,369032.0,58.564916564916565,76.0,RT00069,Mumbai,Singapore,Mumbai → Singapore
AP003,AP013,4,779,270704.0,61.98491323491324,33.0,RT00070,Mumbai,London,Mumbai → London
AP003,AP014,8,1596,518436.0,65.38448544698545,9.5,RT00071,Mumbai,New York,Mumbai → New York
AP003,AP015,5,1223,485305.0,77.48179228179228,8.8,RT00072,Mumbai,Los Angeles,Mumbai → Los Angeles
AP003,AP016,11,2419,924612.0,78.06377515468425,39.90909090909091,RT00073,Mumbai,Doha,Mumbai → Doha
AP003,AP017,4,769,287548.0,75.63858363858364,60.75,RT00074,Mumbai,Frankfurt,Mumbai → Frankfurt
AP003,AP018,5,1045,354619.0,75.98585118585119,9.4,RT00075,Mumbai,Sydney,Mumbai → Sydney
AP003,AP019,8,1578,642348.0,72.03380578380578,9.0,RT00076,Mumbai,Melbourne,Mumbai → Melbourne
AP003,AP020,5,875,262183.0,68.99112749112749,11.0,RT00077,Mumbai,Bangkok,Mumbai → Bangkok
AP003,AP021,6,1264,453586.0,78.94994994994995,29.166666666666668,RT00078,Mumbai,Kuala Lumpur,Mumbai → Kuala Lumpur
AP003,AP022,5,1013,435035.0,78.57586117586118,69.4,RT00079,Mumbai,Hong Kong,Mumbai → Hong Kong
AP003,AP023,9,1733,704254.0,70.57614707614708,54.77777777777778,RT00080,Mumbai,Tokyo,Mumbai → Tokyo
AP003,AP024,7,1446,572012.0,74.81755281755281,10.285714285714286,RT00081,Mumbai,Paris,Mumbai → Paris
AP003,AP025,10,2007,515234.0,76.19721814721814,37.8,RT00082,Mumbai,Amsterdam,Mumbai → Amsterdam
AP003,AP026,3,773,284774.0,71.40890890890891,14.666666666666666,RT00083,Mumbai,Toronto,Mumbai → Toronto
AP003,AP027,7,1572,516667.0,77.8710495853353,85.42857142857143,RT00084,Mumbai,Istanbul,Mumbai → Istanbul
AP003,AP028,2,624,245958.0,78.78787878787878,8.0,RT00085,Mumbai,Abu Dhabi,Mumbai → Abu Dhabi
AP003,AP029,7,1340,425459.0,69.04218111360969,26.0,RT00086,Mumbai,Cape Town,Mumbai → Cape Town
AP003,AP030,5,713,320041.0,64.22310622310621,38.0,RT00087,Mumbai,Hahn,Mumbai → Hahn
AP004,AP001,11,1909,818472.0,67.44406098951553,29.181818181818183,RT00088,Bengaluru,Chennai,Bengaluru → Chennai
AP004,AP002,7,1817,743754.0,86.63769828055543,47.71428571428572,RT00089,Bengaluru,Delhi,Bengaluru → Delhi
AP004,AP003,7,1573,508159.0,83.2065712065712,6.0,RT00090,Bengaluru,Mumbai,Bengaluru → Mumbai
AP004,AP005,5,1137,482352.0,76.4006068006068,11.8,RT00091,Bengaluru,Hyderabad,Bengaluru → Hyderabad
AP004,AP006,2,286,29150.0,75.66137566137567,5.5,RT00092,Bengaluru,Kolkata,Bengaluru → Kolkata
AP004,AP007,8,1941,729704.0,81.16825198075198,28.75,RT00093,Bengaluru,Kochi,Bengaluru → Kochi
AP004,AP008,10,2292,959882.0,84.07266332266332,25.0,RT00094,Bengaluru,Pune,Bengaluru → Pune
AP004,AP009,8,1930,603889.0,80.18994387744388,13.75,RT00095,Bengaluru,Ahmedabad,Bengaluru → Ahmedabad
AP004,AP010,3,792,271699.0,74.77622377622377,18.0,RT00096,Bengaluru,Goa,Bengaluru → Goa
AP004,AP011,5,1328,448723.0,81.29033159033159,88.2,RT00097,Bengaluru,Dubai,Bengaluru → Dubai
AP004,AP012,5,1296,694284.0,72.27474747474747,48.0,RT00098,Bengaluru,Singapore,Bengaluru → Singapore
AP004,AP013,5,833,446482.0,66.75977185977186,27.6,RT00099,Bengaluru,London,Bengaluru → London
AP004,AP014,7,1355,551260.0,76.31534988677845,7.428571428571429,RT00100,Bengaluru,New York,Bengaluru → New York
AP004,AP015,3,538,243364.0,51.58922558922559,64.66666666666667,RT00101,Bengaluru,Los Angeles,Bengaluru → Los Angeles
AP004,AP016,7,1451,397440.0,77.35377849663564,35.285714285714285,RT00102,Bengaluru,Doha,Bengaluru → Doha
AP004,AP017,5,732,246004.0,56.66644266644266,37.6,RT00103,Bengaluru,Frankfurt,Bengaluru → Frankfurt
AP004,AP018,4,700,288860.0,72.29521829521829,5.75,RT00104,Bengaluru,Sydney,Bengaluru → Sydney
AP004,AP019,3,692,262596.0,85.25473092139758,2.333333333333333,RT00105,Bengaluru,Melbourne,Bengaluru → Melbourne
AP004,AP020,7,1589,518168.0,79.12698412698413,48.42857142857143,RT00106,Bengaluru,Bangkok,Bengaluru → Bangkok
AP004,AP021,7,1123,339982.0,54.95937145937146,6.571428571428571,RT00107,Bengaluru,Kuala Lumpur,Bengaluru → Kuala Lumpur
AP004,AP022,4,1106,418560.0,88.4524087024087,5.75,RT00108,Bengaluru,Hong Kong,Bengaluru → Hong Kong
AP004,AP023,11,2174,785791.0,71.49185667367486,35.72727272727273,RT00109,Bengaluru,Tokyo,Bengaluru → Tokyo
AP004,AP024,5,1299,656998.0,79.05233155233155,33.8,RT00110,Bengaluru,Paris,Bengaluru → Paris
AP004,AP025,5,981,420051.0,76.6034188034188,28.8,RT00111,Bengaluru,Amsterdam,Bengaluru → Amsterdam
AP004,AP026,4,530,125639.0,52.75297850297851,9.0,RT00112,Bengaluru,Toronto,Bengaluru → Toronto
AP004,AP027,3,465,206979.0,65.02089752089752,4.333333333333333,RT00113,Bengaluru,Istanbul,Bengaluru → Istanbul
AP004,AP028,7,1227,514271.0,73.97644397644397,60.0,RT00114,Bengaluru,Abu Dhabi,Bengaluru → Abu Dhabi
AP004,AP029,6,1340,706230.0,86.31770081770081,36.5,RT00115,Bengaluru,Cape Town,Bengaluru → Cape Town
AP004,AP030,5,1127,414963.0,71.09533429533431,11.4,RT00116,Bengaluru,Hahn,Bengaluru → Hahn
AP005,AP001,5,1074,381716.0,77.9965965965966,37.4,RT00117,Hyderabad,Chennai,Hyderabad → Chennai
AP005,AP002,3,726,311384.0,76.76264726264726,12.666666666666666,RT00118,Hyderabad,Delhi,Hyderabad → Delhi
AP005,AP003,7,1467,592982.0,80.0986680986681,23.428571428571427,RT00119,Hyderabad,Mumbai,Hyderabad → Mumbai
AP005,AP004,6,1586,533562.0,82.80906080906081,11.666666666666666,RT00120,Hyderabad,Bengaluru,Hyderabad → Bengaluru
AP005,AP006,5,1095,372112.0,73.97663377663378,15.4,RT00121,Hyderabad,Kolkata,Hyderabad → Kolkata
AP005,AP007,6,1423,589230.0,82.45948145948147,55.66666666666666,RT00122,Hyderabad,Kochi,Hyderabad → Kochi
AP005,AP008,4,674,187451.0,70.45751108251108,24.5,RT00123,Hyderabad,Pune,Hyderabad → Pune
AP005,AP009,7,1406,467558.0,75.20015434301149,50.71428571428572,RT00124,Hyderabad,Ahmedabad,Hyderabad → Ahmedabad
AP005,AP010,3,455,200406.0,65.69296135962803,22.2,RT00125,Hyderabad,Goa,Hyderabad → Goa
AP005,AP011,8,1512,634995.0,71.45773570773571,58.0,RT00126,Hyderabad,Dubai,Hyderabad → Dubai
AP005,AP012,7,1574,644694.0,70.86728286728287,28.285714285714285,RT00127,Hyderabad,Singapore,Hyderabad → Singapore
AP005,AP013,7,1401,414407.0,75.27455856027284,8.0,RT00128,Hyderabad,London,Hyderabad → London
AP005,AP014,6,1183,343264.0,68.63234429901097,7.166666666666667,RT00129,Hyderabad,New York,Hyderabad → New York
AP005,AP015,8,2149,891408.0,82.07876582876582,35.125,RT00130,Hyderabad,Los Angeles,Hyderabad → Los Angeles
AP005,AP016,9,2049,881076.0,77.75942609275943,9.0,RT00131,Hyderabad,Doha,Hyderabad → Doha
AP005,AP017,8,1517,389233.0,78.37681431431432,7.5,RT00132,Hyderabad,Frankfurt,Hyderabad → Frankfurt
AP005,AP018,10,2377,710529.0,73.42793107793108,8.4,RT00133,Hyderabad,Sydney,Hyderabad → Sydney
AP005,AP019,6,1089,433162.0,66.12500787500788,7.0,RT00134,Hyderabad,Melbourne,Hyderabad → Melbourne
AP005,AP020,5,1027,250480.0,74.81755281755281,41.4,RT00135,Hyderabad,Bangkok,Hyderabad → Bangkok
AP005,AP021,6,1314,483272.0,81.56241906241907,27.666666666666668,RT00136,Hyderabad,Kuala Lumpur,Hyderabad → Kuala Lumpur
AP005,AP022,2,389,147303.0,81.08201058201058,49.5,RT00137,Hyderabad,Hong Kong,Hyderabad → Hong Kong
AP005,AP023,5,1097,355980.0,78.63469123469125,59.2,RT00138,Hyderabad,Tokyo,Hyderabad → Tokyo
AP005,AP024,1,247,61256.0,62.37373737373737,2.0,RT00139,Hyderabad,Paris,Hyderabad → Paris
AP005,AP025,7,1631,761795.0,77.82764954193524,34.714285714285715,RT00140,Hyderabad,Amsterdam,Hyderabad → Amsterdam
AP005,AP026,7,1450,628979.0,75.85184128041271,7.571428571428571,RT00141,Hyderabad,Toronto,Hyderabad → Toronto
AP005,AP027,7,1469,463215.0,75.38362109790681,49.71428571428572,RT00142,Hyderabad,Istanbul,Hyderabad → Istanbul
AP005,AP028,3,785,152486.0,79.34748384748384,84.66666666666667,RT00143,Hyderabad,Abu Dhabi,Hyderabad → Abu Dhabi
AP005,AP029,6,1060,302619.0,73.63868847202181,53.0,RT00144,Hyderabad,Cape Town,Hyderabad → Cape Town
AP005,AP030,7,1665,598575.0,77.28141978141979,38.57142857142857,RT00145,Hyderabad,Hahn,Hyderabad → Hahn
AP006,AP001,5,952,417116.0,62.65858585858585,69.6,RT00146,Kolkata,Chennai,Kolkata → Chennai
AP006,AP002,5,1086,471941.0,80.802368002368,7.2,RT00147,Kolkata,Delhi,Kolkata → Delhi
AP006,AP003,7,1194,495948.0,62.86252436252436,15.428571428571429,RT00148,Kolkata,Mumbai,Kolkata → Mumbai
AP006,AP004,3,653,257306.0,78.78279744946411,7.666666666666667,RT00149,Kolkata,Bengaluru,Kolkata → Bengaluru
AP006,AP005,6,1029,524750.0,62.42207175540509,23.666666666666668,RT00150,Kolkata,Hyderabad,Kolkata → Hyderabad
AP006,AP007,7,1598,665191.0,79.82217717932005,35.285714285714285,RT00151,Kolkata,Kochi,Kolkata → Kochi
AP006,AP008,7,1473,482362.0,80.62218433647004,7.714285714285714,RT00152,Kolkata,Pune,Kolkata → Pune
AP006,AP009,3,690,419125.0,74.46581196581197,10.666666666666666,RT00153,Kolkata,Ahmedabad,Kolkata → Ahmedabad
AP006,AP010,9,1737,798453.0,72.4294248183137,23.88888888888889,RT00154,Kolkata,Goa,Kolkata → Goa
AP006,AP011,9,1773,637971.0,73.34691762469541,16.555555555555557,RT00155,Kolkata,Dubai,Kolkata → Dubai
AP006,AP012,2,425,178555.0,82.77272727272728,8.0,RT00156,Kolkata,Singapore,Kolkata → Singapore
AP006,AP013,6,1402,637033.0,79.94840261506927,36.5,RT00157,Kolkata,London,Kolkata → London
AP006,AP014,9,1936,741441.0,73.71492704826038,25.33333333333333,RT00158,Kolkata,New York,Kolkata → New York
AP006,AP015,10,1805,635921.0,76.27369122369122,39.1,RT00159,Kolkata,Los Angeles,Kolkata → Los Angeles
AP006,AP016,6,1232,491752.0,73.18705985372652,12.833333333333334,RT00160,Kolkata,Doha,Kolkata → Doha
AP006,AP017,9,1886,717009.0,75.99446543890988,8.777777777777779,RT00161,Kolkata,Frankfurt,Kolkata → Frankfurt
AP006,AP018,8,1846,573853.0,75.06810063060063,20.375,RT00162,Kolkata,Sydney,Kolkata → Sydney
AP006,AP019,4,657,214757.0,80.6048581048581,20.5,RT00163,Kolkata,Melbourne,Kolkata → Melbourne
AP006,AP020,8,1181,464329.0,54.91027978527978,6.75,RT00164,Kolkata,Bangkok,Kolkata → Bangkok
AP006,AP021,3,639,298564.0,71.96332696332696,62.0,RT00165,Kolkata,Kuala Lumpur,Kolkata → Kuala Lumpur
AP006,AP022,2,593,242881.0,74.87373737373738,6.5,RT00166,Kolkata,Hong Kong,Kolkata → Hong Kong
AP006,AP023,2,498,193668.0,79.61538461538461,2.5,RT00167,Kolkata,Tokyo,Kolkata → Tokyo
AP006,AP024,5,1159,367977.0,87.2989898989899,4.8,RT00168,Kolkata,Paris,Kolkata → Paris
AP006,AP025,6,1197,556058.0,74.70717554050887,7.333333333333333,RT00169,Kolkata,Amsterdam,Kolkata → Amsterdam
AP006,AP026,3,678,162910.0,76.51050184383517,7.333333333333333,RT00170,Kolkata,Toronto,Kolkata → Toronto
AP006,AP027,5,917,300380.0,75.22222222222221,16.4,RT00171,Kolkata,Istanbul,Kolkata → Istanbul
AP006,AP028,3,474,225960.0,79.29854096520764,57.0,RT00172,Kolkata,Abu Dhabi,Kolkata → Abu Dhabi
AP006,AP029,3,691,228293.0,77.43093093093093,13.666666666666666,RT00173,Kolkata,Cape Town,Kolkata → Cape Town
AP006,AP030,6,1316,404535.0,81.71384571384571,40.66666666666666,RT00174,Kolkata,Hahn,Kolkata → Hahn
AP007,AP001,1,234,36738.0,79.05405405405406,171.0,RT00175,Kochi,Chennai,Kochi → Chennai
AP007,AP002,5,1214,432230.0,83.76852936852937,33.0,RT00176,Kochi,Delhi,Kochi → Delhi
AP007,AP003,4,835,289528.0,70.56319956319956,45.25,RT00177,Kochi,Mumbai,Kochi → Mumbai
AP007,AP004,6,1370,370380.0,80.35793760793761,66.0,RT00178,Kochi,Bengaluru,Kochi → Bengaluru
AP007,AP005,5,1074,368271.0,71.82162162162163,14.6,RT00179,Kochi,Hyderabad,Kochi → Hyderabad
AP007,AP006,5,1139,392067.0,73.65696465696466,5.8,RT00180,Kochi,Kolkata,Kochi → Kolkata
AP007,AP008,5,1034,472865.0,72.73333333333333,5.8,RT00181,Kochi,Pune,Kochi → Pune
AP007,AP009,3,351,197938.0,48.64388197721531,19.0,RT00182,Kochi,Ahmedabad,Kochi → Ahmedabad
AP007,AP010,4,853,320330.0,77.0480722980723,8.75,RT00183,Kochi,Goa,Kochi → Goa
AP007,AP011,1,187,50677.0,74.81755281755281,1.0,RT00184,Kochi,Dubai,Kochi → Dubai
AP007,AP012,11,2344,749998.0,71.19251651069833,14.818181818181818,RT00185,Kochi,Singapore,Kochi → Singapore
AP007,AP013,5,845,420223.0,67.62856402856403,52.0,RT00186,Kochi,London,Kochi → London
AP007,AP014,5,906,532252.0,71.32002062002061,18.0,RT00187,Kochi,New York,Kochi → New York
AP007,AP015,6,1270,459992.0,76.35889035889035,32.5,RT00188,Kochi,Los Angeles,Kochi → Los Angeles
AP007,AP016,3,684,236222.0,76.32132132132132,22.2,RT00189,Kochi,Doha,Kochi → Doha
AP007,AP017,3,777,251481.0,85.49751483084816,15.0,RT00190,Kochi,Frankfurt,Kochi → Frankfurt
AP007,AP018,4,576,244649.0,51.13111888111888,27.25,RT00191,Kochi,Sydney,Kochi → Sydney
AP007,AP019,6,1172,366291.0,72.59800076466743,19.0,RT00192,Kochi,Melbourne,Kochi → Melbourne
AP007,AP020,8,1701,452315.0,72.96565052815053,9.625,RT00193,Kochi,Bangkok,Kochi → Bangkok
AP007,AP021,6,1061,322639.0,71.44346044346044,49.0,RT00194,Kochi,Kuala Lumpur,Kochi → Kuala Lumpur
AP007,AP022,6,1187,473689.0,71.70691870691871,35.833333333333336,RT00195,Kochi,Hong Kong,Kochi → Hong Kong
AP007,AP023,7,1553,651759.0,75.23770938056653,25.857142857142858,RT00196,Kochi,Tokyo,Kochi → Tokyo
AP007,AP024,3,288,81408.0,50.793650793650805,33.0,RT00197,Kochi,Paris,Kochi → Paris
AP007,AP025,5,1073,375419.0,75.57995337995338,64.2,RT00198,Kochi,Amsterdam,Kochi → Amsterdam
AP007,AP026,5,1141,262629.0,73.95121275121275,49.6,RT00199,Kochi,Toronto,Kochi → Toronto
AP007,AP027,3,824,316042.0,89.57669207669208,20.0,RT00200,Kochi,Istanbul,Kochi → Istanbul
AP007,AP028,5,1235,495958.0,75.46231546231546,32.8,RT00201,Kochi,Abu Dhabi,Kochi → Abu Dhabi
AP007,AP029,7,1664,519827.0,80.508535008535,28.285714285714285,RT00202,Kochi,Cape Town,Kochi → Cape Town
AP007,AP030,7,1472,477950.0,73.006136006136,57.57142857142857,RT00203,Kochi,Hahn,Kochi → Hahn
AP008,AP001,6,1298,599384.0,76.15540015540016,10.5,RT00204,Pune,Chennai,Pune → Chennai
AP008,AP002,3,771,316738.0,86.4159159159159,22.2,RT00205,Pune,Delhi,Pune → Delhi
AP008,AP003,8,1617,795951.0,72.9701640951641,18.75,RT00206,Pune,Mumbai,Pune → Mumbai
AP008,AP004,6,1118,420076.0,71.66096866096866,30.166666666666668,RT00207,Pune,Bengaluru,Pune → Bengaluru
AP008,AP005,7,1451,546246.0,75.0801949373378,10.142857142857142,RT00208,Pune,Hyderabad,Pune → Hyderabad
AP008,AP006,6,1239,479518.0,74.42046083712751,22.2,RT00209,Pune,Kolkata,Pune → Kolkata
AP008,AP007,6,1409,531601.0,82.0557183057183,14.666666666666666,RT00210,Pune,Kochi,Pune → Kochi
AP008,AP009,6,1453,387583.0,75.76846251846251,4.166666666666667,RT00211,Pune,Ahmedabad,Pune → Ahmedabad
AP008,AP010,4,1034,285421.0,86.46600621600622,41.0,RT00212,Pune,Goa,Pune → Goa
AP008,AP011,5,988,227978.0,73.51092001092,16.2,RT00213,Pune,Dubai,Pune → Dubai
AP008,AP012,3,589,243365.0,71.87578487578487,10.333333333333334,RT00214,Pune,Singapore,Pune → Singapore
AP008,AP013,5,1124,572598.0,72.65503385503385,4.8,RT00215,Pune,London,Pune → London
AP008,AP014,7,1327,617046.0,76.16546530832245,40.71428571428572,RT00216,Pune,New York,Pune → New York
AP008,AP015,5,1127,320096.0,74.82047502047502,39.4,RT00217,Pune,Los Angeles,Pune → Los Angeles
AP008,AP016,7,1319,583369.0,75.6233819090962,7.428571428571429,RT00218,Pune,Doha,Pune → Doha
AP008,AP017,7,1250,438011.0,73.05113933685362,21.714285714285715,RT00219,Pune,Frankfurt,Pune → Frankfurt
AP008,AP018,4,844,277077.0,75.98172198172199,11.25,RT00220,Pune,Sydney,Pune → Sydney
AP008,AP019,5,932,341211.0,73.0051018051018,5.0,RT00221,Pune,Melbourne,Pune → Melbourne
AP008,AP020,10,2117,682696.0,80.07400147400148,31.6,RT00222,Pune,Bangkok,Pune → Bangkok
AP008,AP021,7,1202,396335.0,66.49776485490771,40.285714285714285,RT00223,Pune,Kuala Lumpur,Pune → Kuala Lumpur
AP008,AP022,4,660,156007.0,71.53080253080253,33.25,RT00224,Pune,Hong Kong,Pune → Hong Kong
AP008,AP023,3,753,390662.0,77.3043253043253,7.0,RT00225,Pune,Tokyo,Pune → Tokyo
AP008,AP024,7,1585,595519.0,73.08273708273708,10.142857142857142,RT00226,Pune,Paris,Pune → Paris
AP008,AP025,7,1511,578404.0,76.60244381672953,45.285714285714285,RT00227,Pune,Amsterdam,Pune → Amsterdam
AP008,AP026,3,655,238034.0,71.26334026334025,9.0,RT00228,Pune,Toronto,Pune → Toronto
AP008,AP027,10,2171,845349.0,74.30178715178715,35.0,RT00229,Pune,Istanbul,Pune → Istanbul
AP008,AP029,7,1431,384225.0,76.3199581056724,37.0,RT00230,Pune,Cape Town,Pune → Cape Town
AP008,AP030,9,1848,975453.0,77.43408487852932,35.0,RT00231,Pune,Hahn,Pune → Hahn
AP009,AP001,3,571,201028.0,71.74074074074073,6.333333333333333,RT00232,Ahmedabad,Chennai,Ahmedabad → Chennai
AP009,AP002,7,1282,489524.0,60.80876330876331,7.142857142857143,RT00233,Ahmedabad,Delhi,Ahmedabad → Delhi
AP009,AP003,5,709,227960.0,53.97199147199147,33.4,RT00234,Ahmedabad,Mumbai,Ahmedabad → Mumbai
AP009,AP004,6,1124,303189.0,70.63151979818646,35.166666666666664,RT00235,Ahmedabad,Bengaluru,Ahmedabad → Bengaluru
AP009,AP005,11,2650,1016457.0,72.74886170340716,23.90909090909091,RT00236,Ahmedabad,Hyderabad,Ahmedabad → Hyderabad
AP009,AP006,3,556,174424.0,68.89690556357222,20.33333333333333,RT00237,Ahmedabad,Kolkata,Ahmedabad → Kolkata
AP009,AP007,8,1475,585197.0,78.20879120879121,24.375,RT00238,Ahmedabad,Kochi,Ahmedabad → Kochi
AP009,AP008,1,183,20496.0,61.0,11.0,RT00239,Ahmedabad,Pune,Ahmedabad → Pune
AP009,AP010,7,1479,703932.0,69.73112923112923,51.71428571428572,RT00240,Ahmedabad,Goa,Ahmedabad → Goa
AP009,AP011,4,762,365642.0,69.8546156046156,9.0,RT00241,Ahmedabad,Dubai,Ahmedabad → Dubai
AP009,AP012,9,1911,619480.0,77.74933780489336,26.11111111111111,RT00242,Ahmedabad,Singapore,Ahmedabad → Singapore
AP009,AP013,6,1152,575462.0,76.83171766505099,20.166666666666668,RT00243,Ahmedabad,London,Ahmedabad → London
AP009,AP014,5,1129,399987.0,72.73846153846154,10.6,RT00244,Ahmedabad,New York,Ahmedabad → New York
AP009,AP015,6,1316,411703.0,83.56042581042581,66.66666666666667,RT00245,Ahmedabad,Los Angeles,Ahmedabad → Los Angeles
AP009,AP016,4,861,361709.0,70.11267436267437,66.25,RT00246,Ahmedabad,Doha,Ahmedabad → Doha
AP009,AP017,7,1470,570933.0,73.33666783666784,75.42857142857143,RT00247,Ahmedabad,Frankfurt,Ahmedabad → Frankfurt
AP009,AP018,7,1434,416731.0,69.26085026085026,7.285714285714286,RT00248,Ahmedabad,Sydney,Ahmedabad → Sydney
AP009,AP019,9,1678,544928.0,75.5236318569652,48.66666666666666,RT00249,Ahmedabad,Melbourne,Ahmedabad → Melbourne
AP009,AP020,4,731,195399.0,70.04355829355829,42.75,RT00250,Ahmedabad,Bangkok,Ahmedabad → Bangkok
AP009,AP021,5,1045,458252.0,78.66503126503126,26.2,RT00251,Ahmedabad,Kuala Lumpur,Ahmedabad → Kuala Lumpur
AP009,AP022,2,352,416731.0,73.54497354497354,11.0,RT00252,Ahmedabad,Hong Kong,Ahmedabad → Hong Kong
AP009,AP023,8,1436,441114.0,69.23733417483417,10.5,RT00253,Ahmedabad,Tokyo,Ahmedabad → Tokyo
AP009,AP024,2,376,150880.0,79.77084227084227,41.5,RT00254,Ahmedabad,Paris,Ahmedabad → Paris
AP009,AP025,4,747,261623.0,70.95232732732732,16.75,RT00255,Ahmedabad,Amsterdam,Ahmedabad → Amsterdam
AP009,AP026,7,1635,622239.0,76.94947909233623,48.42857142857143,RT00256,Ahmedabad,Toronto,Ahmedabad → Toronto
AP009,AP027,7,1339,608472.0,69.02421902421902,8.714285714285714,RT00257,Ahmedabad,Istanbul,Ahmedabad → Istanbul
AP009,AP028,10,2017,719985.0,71.34684954684954,6.4,RT00258,Ahmedabad,Abu Dhabi,Ahmedabad → Abu Dhabi
AP009,AP029,5,1162,594471.0,78.62885612885614,10.2,RT00259,Ahmedabad,Cape Town,Ahmedabad → Cape Town
AP009,AP030,2,344,165050.0,66.62776412776414,9.0,RT00260,Ahmedabad,Hahn,Ahmedabad → Hahn
AP010,AP001,8,1796,665512.0,76.02674133924134,35.375,RT00261,Goa,Chennai,Goa → Chennai
AP010,AP002,6,1108,197160.0,62.51554001554001,25.666666666666668,RT00262,Goa,Delhi,Goa → Delhi
AP010,AP003,6,1435,433153.0,78.62970662970663,33.833333333333336,RT00263,Goa,Mumbai,Goa → Mumbai
AP010,AP004,4,743,377688.0,58.97027047027047,36.75,RT00264,Goa,Bengaluru,Goa → Bengaluru
AP010,AP005,5,915,226561.0,74.81755281755281,6.2,RT00265,Goa,Hyderabad,Goa → Hyderabad
AP010,AP006,6,1075,518908.0,71.36797795131129,5.666666666666667,RT00266,Goa,Kolkata,Goa → Kolkata
AP010,AP007,7,1715,733201.0,81.27072927072926,10.571428571428571,RT00267,Goa,Kochi,Goa → Kochi
AP010,AP008,6,1319,223389.0,76.90751699085031,37.333333333333336,RT00268,Goa,Pune,Goa → Pune
AP010,AP009,3,532,225302.0,74.64951098284432,16.666666666666668,RT00269,Goa,Ahmedabad,Goa → Ahmedabad
AP010,AP011,2,421,234306.0,88.47089947089947,0.5,RT00270,Goa,Dubai,Goa → Dubai
AP010,AP012,5,836,416731.0,69.47619047619048,48.6,RT00271,Goa,Singapore,Goa → Singapore
AP010,AP013,6,1306,586491.0,77.52821869488535,19.5,RT00272,Goa,London,Goa → London
AP010,AP014,4,864,462233.0,77.73345460845461,72.0,RT00273,Goa,New York,Goa → New York
AP010,AP015,5,963,420117.0,58.65656565656566,38.2,RT00274,Goa,Los Angeles,Goa → Los Angeles
AP010,AP016,5,1439,427372.0,84.88282828282829,7.8,RT00275,Goa,Doha,Goa → Doha
AP010,AP017,9,2208,850998.0,80.93613310279977,8.444444444444445,RT00276,Goa,Frankfurt,Goa → Frankfurt
AP010,AP018,7,1596,698300.0,82.31005416719702,43.0,RT00277,Goa,Sydney,Goa → Sydney
AP010,AP019,6,1509,490673.0,80.0983625983626,18.33333333333333,RT00278,Goa,Melbourne,Goa → Melbourne
AP010,AP020,4,741,351266.0,67.80982905982906,25.5,RT00279,Goa,Bangkok,Goa → Bangkok
AP010,AP021,3,503,244721.0,77.05312455312456,64.0,RT00280,Goa,Kuala Lumpur,Goa → Kuala Lumpur
AP010,AP022,9,1866,720579.0,73.43966693966694,38.22222222222222,RT00281,Goa,Hong Kong,Goa → Hong Kong
AP010,AP023,5,1036,452960.0,73.04781484781486,22.2,RT00282,Goa,Tokyo,Goa → Tokyo
AP010,AP024,7,1656,692822.0,73.7363755220898,11.428571428571429,RT00283,Goa,Paris,Goa → Paris
AP010,AP025,4,760,386950.0,58.23205023205023,28.5,RT00284,Goa,Amsterdam,Goa → Amsterdam
AP010,AP026,2,552,295764.0,76.23426573426573,3.0,RT00285,Goa,Toronto,Goa → Toronto
AP010,AP027,6,732,225810.0,58.58225108225109,31.0,RT00286,Goa,Istanbul,Goa → Istanbul
AP010,AP028,4,801,280666.0,78.43943781443781,49.5,RT00287,Goa,Abu Dhabi,Goa → Abu Dhabi
AP010,AP029,3,610,255757.0,76.36942070275404,11.333333333333334,RT00288,Goa,Cape Town,Goa → Cape Town
AP010,AP030,5,1323,484173.0,85.8105131105131,34.4,RT00289,Goa,Hahn,Goa → Hahn
AP011,AP001,8,1507,566138.0,66.75940288440289,27.375,RT00290,Dubai,Chennai,Dubai → Chennai
AP011,AP002,7,1697,376242.0,79.02308802308802,20.428571428571427,RT00291,Dubai,Delhi,Dubai → Delhi
AP011,AP003,6,991,461063.0,69.12002812002812,20.5,RT00292,Dubai,Mumbai,Dubai → Mumbai
AP011,AP004,6,1205,362000.0,79.81922398589064,9.666666666666666,RT00293,Dubai,Bengaluru,Dubai → Bengaluru
AP011,AP005,5,884,416731.0,72.9975143975144,4.8,RT00294,Dubai,Hyderabad,Dubai → Hyderabad
AP011,AP006,5,1077,416731.0,80.95392755392756,6.4,RT00295,Dubai,Kolkata,Dubai → Kolkata
AP011,AP007,6,1282,397638.0,76.00798875798876,50.333333333333336,RT00296,Dubai,Kochi,Dubai → Kochi
AP011,AP008,7,1174,474455.0,73.85479356907929,34.0,RT00297,Dubai,Pune,Dubai → Pune
AP011,AP009,7,1546,671395.0,79.0067235067235,13.428571428571429,RT00298,Dubai,Ahmedabad,Dubai → Ahmedabad
AP011,AP010,2,262,73838.0,71.13756613756614,6.5,RT00299,Dubai,Goa,Dubai → Goa
AP011,AP012,7,1362,725241.0,73.00743322171893,15.428571428571429,RT00300,Dubai,Singapore,Dubai → Singapore
AP011,AP013,6,1272,568996.0,71.88966588966589,8.0,RT00301,Dubai,London,Dubai → London
AP011,AP014,7,1421,673121.0,73.98067548067549,6.714285714285714,RT00302,Dubai,New York,Dubai → New York
AP011,AP015,5,914,388519.0,66.88774378774379,22.4,RT00303,Dubai,Los Angeles,Dubai → Los Angeles
AP011,AP016,4,839,224131.0,72.30286192786193,5.75,RT00304,Dubai,Doha,Dubai → Doha
AP011,AP017,8,1682,628040.0,72.74516743266743,23.25,RT00305,Dubai,Frankfurt,Dubai → Frankfurt
AP011,AP018,3,591,298213.0,60.80967330967332,7.666666666666667,RT00306,Dubai,Sydney,Dubai → Sydney
AP011,AP019,7,1517,543149.0,72.28166506737935,30.285714285714285,RT00307,Dubai,Melbourne,Dubai → Melbourne
AP011,AP020,2,443,135024.0,85.95454545454545,8.0,RT00308,Dubai,Bangkok,Dubai → Bangkok
AP011,AP021,8,1508,539858.0,74.14784996034996,11.25,RT00309,Dubai,Kuala Lumpur,Dubai → Kuala Lumpur
AP011,AP022,6,1122,485498.0,64.37869337869337,10.333333333333334,RT00310,Dubai,Hong Kong,Dubai → Hong Kong
AP011,AP023,4,899,299609.0,83.61363636363636,22.2,RT00311,Dubai,Tokyo,Dubai → Tokyo
AP011,AP024,5,880,280246.0,62.655547155547154,9.0,RT00312,Dubai,Paris,Dubai → Paris
AP011,AP025,2,521,234030.0,86.83333333333334,10.5,RT00313,Dubai,Amsterdam,Dubai → Amsterdam
AP011,AP026,5,1274,620285.0,84.9038073038073,41.0,RT00314,Dubai,Toronto,Dubai → Toronto
AP011,AP027,6,1190,329011.0,72.98464498464499,31.0,RT00315,Dubai,Istanbul,Dubai → Istanbul
AP011,AP028,6,1431,418229.0,80.73569023569024,22.5,RT00316,Dubai,Abu Dhabi,Dubai → Abu Dhabi
AP011,AP029,4,673,299836.0,62.91625966625966,53.5,RT00317,Dubai,Cape Town,Dubai → Cape Town
AP011,AP030,5,1091,382994.0,78.43307923307923,29.2,RT00318,Dubai,Hahn,Dubai → Hahn
AP012,AP001,5,641,289918.0,55.52376512376512,4.4,RT00319,Singapore,Chennai,Singapore → Chennai
AP012,AP002,6,1178,534960.0,67.57762524429191,5.5,RT00320,Singapore,Delhi,Singapore → Delhi
AP012,AP003,3,818,275756.0,86.0880110880111,59.0,RT00321,Singapore,Mumbai,Singapore → Mumbai
AP012,AP004,7,1504,574402.0,72.62782862782863,6.428571428571429,RT00322,Singapore,Bengaluru,Singapore → Bengaluru
AP012,AP005,5,1002,294342.0,73.36758836758835,9.4,RT00323,Singapore,Hyderabad,Singapore → Hyderabad
AP012,AP006,5,1184,495276.0,71.36783216783218,44.4,RT00324,Singapore,Kolkata,Singapore → Kolkata
AP012,AP007,4,662,213534.0,66.55709143209143,11.0,RT00325,Singapore,Kochi,Singapore → Kochi
AP012,AP008,6,1190,632938.0,72.94583952917286,30.0,RT00326,Singapore,Pune,Singapore → Pune
AP012,AP009,4,968,320574.0,74.81755281755281,29.0,RT00327,Singapore,Ahmedabad,Singapore → Ahmedabad
AP012,AP010,7,1318,700264.0,72.70068262925405,18.285714285714285,RT00328,Singapore,Goa,Singapore → Goa
AP012,AP011,5,1155,534926.0,80.2063714063714,34.4,RT00329,Singapore,Dubai,Singapore → Dubai
AP012,AP013,6,1321,428092.0,77.45436278769613,41.333333333333336,RT00330,Singapore,London,Singapore → London
AP012,AP014,8,1755,592080.0,77.19546194546194,27.625,RT00331,Singapore,New York,Singapore → New York
AP012,AP015,6,914,407025.0,66.21448829782163,24.33333333333333,RT00332,Singapore,Los Angeles,Singapore → Los Angeles
AP012,AP016,4,932,212813.0,78.28048628048629,7.5,RT00333,Singapore,Doha,Singapore → Doha
AP012,AP017,10,2145,943233.0,72.16781011781012,47.4,RT00334,Singapore,Frankfurt,Singapore → Frankfurt
AP012,AP018,4,996,347232.0,79.6474358974359,21.0,RT00335,Singapore,Sydney,Singapore → Sydney
AP012,AP019,5,1254,434874.0,79.74170274170274,8.6,RT00336,Singapore,Melbourne,Singapore → Melbourne
AP012,AP020,9,2152,762427.0,79.19318202651536,43.77777777777778,RT00337,Singapore,Bangkok,Singapore → Bangkok
AP012,AP021,12,2688,1128709.0,78.50351358684692,29.33333333333333,RT00338,Singapore,Kuala Lumpur,Singapore → Kuala Lumpur
AP012,AP022,8,1903,564640.0,85.11418105168104,30.75,RT00339,Singapore,Hong Kong,Singapore → Hong Kong
AP012,AP023,6,1096,291488.0,73.35690235690235,34.5,RT00340,Singapore,Tokyo,Singapore → Tokyo
AP012,AP024,8,1386,551460.0,68.26560895310895,42.25,RT00341,Singapore,Paris,Singapore → Paris
AP012,AP025,7,1644,609511.0,80.56189313332172,21.142857142857142,RT00342,Singapore,Amsterdam,Singapore → Amsterdam
AP012,AP026,7,1490,541492.0,76.41452770024198,14.0,RT00343,Singapore,Toronto,Singapore → Toronto
AP012,AP027,10,2015,597461.0,74.24515344515345,26.9,RT00344,Singapore,Istanbul,Singapore → Istanbul
AP012,AP028,10,2146,864205.0,72.63375098375099,23.6,RT00345,Singapore,Abu Dhabi,Singapore → Abu Dhabi
AP012,AP029,3,584,143117.0,73.0984720984721,23.666666666666668,RT00346,Singapore,Cape Town,Singapore → Cape Town
AP012,AP030,7,1754,643509.0,81.28616278616279,41.0,RT00347,Singapore,Hahn,Singapore → Hahn
AP013,AP001,9,1737,608719.0,69.61886711886712,15.22222222222222,RT00348,London,Chennai,London → Chennai
AP013,AP002,8,1612,522500.0,71.81895881895882,36.25,RT00349,London,Delhi,London → Delhi
AP013,AP003,5,788,206212.0,62.41646191646191,17.0,RT00350,London,Mumbai,London → Mumbai
AP013,AP004,4,842,353258.0,81.81349206349206,18.5,RT00351,London,Bengaluru,London → Bengaluru
AP013,AP005,9,2295,834982.0,80.37457620790954,21.11111111111111,RT00352,London,Hyderabad,London → Hyderabad
AP013,AP006,8,1851,524958.0,72.82698607698607,40.625,RT00353,London,Kolkata,London → Kolkata
AP013,AP007,4,692,173879.0,66.15127627627628,45.75,RT00354,London,Kochi,London → Kochi
AP013,AP008,4,771,318738.0,75.67267754767755,32.25,RT00355,London,Pune,London → Pune
AP013,AP009,4,914,275990.0,82.94444444444444,14.25,RT00356,London,Ahmedabad,London → Ahmedabad
AP013,AP010,5,1004,456045.0,77.595115995116,7.6,RT00357,London,Goa,London → Goa
AP013,AP011,2,535,133557.0,82.3076923076923,7.5,RT00358,London,Dubai,London → Dubai
AP013,AP012,10,2297,675048.0,72.94770784770785,52.7,RT00359,London,Singapore,London → Singapore
AP013,AP014,6,1554,484441.0,84.02539602539603,26.0,RT00360,London,New York,London → New York
AP013,AP015,5,949,219887.0,68.08330928330929,39.2,RT00361,London,Los Angeles,London → Los Angeles
AP013,AP016,6,1189,595380.0,77.91486291486292,20.166666666666668,RT00362,London,Doha,London → Doha
AP013,AP017,6,1220,581745.0,81.98046398046398,22.666666666666668,RT00363,London,Frankfurt,London → Frankfurt
AP013,AP018,8,1336,494147.0,71.99284511784512,102.625,RT00364,London,Sydney,London → Sydney
AP013,AP019,8,1666,510864.0,72.02641340141341,49.5,RT00365,London,Melbourne,London → Melbourne
AP013,AP020,7,1479,478105.0,70.36597265168693,32.714285714285715,RT00366,London,Bangkok,London → Bangkok
AP013,AP021,10,2091,568005.0,74.87216512216511,25.7,RT00367,London,Kuala Lumpur,London → Kuala Lumpur
AP013,AP022,5,845,300325.0,64.04144144144144,15.4,RT00368,London,Hong Kong,London → Hong Kong
AP013,AP023,4,883,319929.0,80.73364598364599,37.75,RT00369,London,Tokyo,London → Tokyo
AP013,AP024,5,1190,296866.0,76.75190625190625,8.0,RT00370,London,Paris,London → Paris
AP013,AP025,4,614,112998.0,49.22979797979798,10.0,RT00371,London,Amsterdam,London → Amsterdam
AP013,AP026,9,2200,975596.0,79.55824228046451,21.33333333333333,RT00372,London,Toronto,London → Toronto
AP013,AP027,9,2227,896716.0,82.81306386861942,27.55555555555556,RT00373,London,Istanbul,London → Istanbul
AP013,AP028,8,1604,466126.0,74.81755281755281,23.75,RT00374,London,Abu Dhabi,London → Abu Dhabi
AP013,AP029,4,607,219834.0,50.858108108108105,7.75,RT00375,London,Cape Town,London → Cape Town
AP013,AP030,3,768,227332.0,87.07070707070709,8.333333333333334,RT00376,London,Hahn,London → Hahn
AP014,AP001,4,825,309318.0,71.68650793650794,76.5,RT00377,New York,Chennai,New York → Chennai
AP014,AP002,6,1639,544751.0,83.27934577934577,3.6666666666666665,RT00378,New York,Delhi,New York → Delhi
AP014,AP003,4,1066,365445.0,76.59961097461097,72.0,RT00379,New York,Mumbai,New York → Mumbai
AP014,AP004,8,1680,707011.0,70.752553002553,38.625,RT00380,New York,Bengaluru,New York → Bengaluru
AP014,AP005,6,1443,229669.0,77.14499081165748,13.166666666666666,RT00381,New York,Hyderabad,New York → Hyderabad
AP014,AP006,2,464,268096.0,75.95959595959596,12.5,RT00382,New York,Kolkata,New York → Kolkata
AP014,AP007,5,954,373217.0,72.85416975416976,40.0,RT00383,New York,Kochi,New York → Kochi
AP014,AP008,8,1960,773703.0,82.26553076553077,7.625,RT00384,New York,Pune,New York → Pune
AP014,AP009,1,237,129639.0,72.92307692307692,3.0,RT00385,New York,Ahmedabad,New York → Ahmedabad
AP014,AP010,4,847,384302.0,70.96839271839272,2.25,RT00386,New York,Goa,New York → Goa
AP014,AP011,4,1078,388898.0,81.74388374388374,40.0,RT00387,New York,Dubai,New York → Dubai
AP014,AP012,7,1643,468802.0,71.84841884841885,26.571428571428573,RT00388,New York,Singapore,New York → Singapore
AP014,AP013,8,1842,664484.0,85.43439787189787,14.375,RT00389,New York,London,New York → London
AP014,AP015,12,2189,668592.0,68.86693790860458,13.916666666666666,RT00390,New York,Los Angeles,New York → Los Angeles
AP014,AP016,9,2008,525643.0,75.68106445884224,7.444444444444445,RT00391,New York,Doha,New York → Doha
AP014,AP017,5,1098,434273.0,79.51618761618762,3.0,RT00392,New York,Frankfurt,New York → Frankfurt
AP014,AP018,5,1168,363908.0,83.95901875901876,3.0,RT00393,New York,Sydney,New York → Sydney
AP014,AP019,9,2025,687050.0,81.29657746324412,24.55555555555556,RT00394,New York,Melbourne,New York → Melbourne
AP014,AP020,7,1246,378675.0,76.2952646524075,26.714285714285715,RT00395,New York,Bangkok,New York → Bangkok
AP014,AP021,8,1617,522422.0,71.7453078078078,36.375,RT00396,New York,Kuala Lumpur,New York → Kuala Lumpur
AP014,AP022,5,1115,506599.0,78.29031109031109,11.8,RT00397,New York,Hong Kong,New York → Hong Kong
AP014,AP023,8,1840,500757.0,73.76262626262627,21.0,RT00398,New York,Tokyo,New York → Tokyo
AP014,AP024,4,957,293486.0,71.59561309561309,25.5,RT00399,New York,Paris,New York → Paris
AP014,AP025,5,1076,414109.0,65.1007287007287,4.8,RT00400,New York,Amsterdam,New York → Amsterdam
AP014,AP026,6,1307,411801.0,82.71256637923305,7.666666666666667,RT00401,New York,Toronto,New York → Toronto
AP014,AP027,5,1061,477267.0,74.81755281755281,41.8,RT00402,New York,Istanbul,New York → Istanbul
AP014,AP028,5,1331,416731.0,79.91673491673491,9.8,RT00403,New York,Abu Dhabi,New York → Abu Dhabi
AP014,AP029,6,929,324893.0,56.01170434503768,7.333333333333333,RT00404,New York,Cape Town,New York → Cape Town
AP014,AP030,4,722,154589.0,69.91001228501229,17.0,RT00405,New York,Hahn,New York → Hahn
AP015,AP001,5,1154,511944.0,73.71437451437451,38.4,RT00406,Los Angeles,Chennai,Los Angeles → Chennai
AP015,AP002,6,1207,287242.0,69.83013549680216,7.666666666666667,RT00407,Los Angeles,Delhi,Los Angeles → Delhi
AP015,AP003,3,537,105725.0,75.87029020362354,10.333333333333334,RT00408,Los Angeles,Mumbai,Los Angeles → Mumbai
AP015,AP004,3,543,104991.0,52.1055146055146,46.66666666666666,RT00409,Los Angeles,Bengaluru,Los Angeles → Bengaluru
AP015,AP005,10,1930,708548.0,74.81088741088742,18.9,RT00410,Los Angeles,Hyderabad,Los Angeles → Hyderabad
AP015,AP006,8,1665,484417.0,77.26721889221889,10.5,RT00411,Los Angeles,Kolkata,Los Angeles → Kolkata
AP015,AP007,7,1366,487841.0,74.09424480853053,18.142857142857142,RT00412,Los Angeles,Kochi,Los Angeles → Kochi
AP015,AP008,10,1897,611843.0,75.89672269672269,24.0,RT00413,Los Angeles,Pune,Los Angeles → Pune
AP015,AP009,2,360,56106.0,81.81818181818181,53.0,RT00414,Los Angeles,Ahmedabad,Los Angeles → Ahmedabad
AP015,AP010,9,1734,632128.0,65.61578889356667,39.66666666666666,RT00415,Los Angeles,Goa,Los Angeles → Goa
AP015,AP011,9,2032,646558.0,76.50018705574261,47.22222222222222,RT00416,Los Angeles,Dubai,Los Angeles → Dubai
AP015,AP012,9,1702,465262.0,74.81465037020592,49.0,RT00417,Los Angeles,Singapore,Los Angeles → Singapore
AP015,AP013,4,819,356180.0,67.377079002079,11.75,RT00418,Los Angeles,London,Los Angeles → London
AP015,AP014,6,1125,455649.0,70.25202575202576,35.333333333333336,RT00419,Los Angeles,New York,Los Angeles → New York
AP015,AP016,4,724,251415.0,69.46322196322197,19.0,RT00420,Los Angeles,Doha,Los Angeles → Doha
AP015,AP017,7,1365,557491.0,66.53987011129868,29.0,RT00421,Los Angeles,Frankfurt,Los Angeles → Frankfurt
AP015,AP018,8,1677,652597.0,79.6324555074555,37.625,RT00422,Los Angeles,Sydney,Los Angeles → Sydney
AP015,AP019,5,825,250367.0,67.61250601250602,27.2,RT00423,Los Angeles,Melbourne,Los Angeles → Melbourne
AP015,AP020,7,1547,665410.0,76.32642489785347,35.285714285714285,RT00424,Los Angeles,Bangkok,Los Angeles → Bangkok
AP015,AP021,3,791,289243.0,77.3114058114058,3.6666666666666665,RT00425,Los Angeles,Kuala Lumpur,Los Angeles → Kuala Lumpur
AP015,AP022,4,684,146177.0,68.9472101972102,7.75,RT00426,Los Angeles,Hong Kong,Los Angeles → Hong Kong
AP015,AP023,3,562,210127.0,81.67003367003367,45.66666666666666,RT00427,Los Angeles,Tokyo,Los Angeles → Tokyo
AP015,AP024,4,727,257818.0,74.81903331903332,49.25,RT00428,Los Angeles,Paris,Los Angeles → Paris
AP015,AP025,3,758,383375.0,79.47008547008546,29.0,RT00429,Los Angeles,Amsterdam,Los Angeles → Amsterdam
AP015,AP026,4,935,391263.0,70.86732711732711,17.25,RT00430,Los Angeles,Toronto,Los Angeles → Toronto
AP015,AP027,4,847,299558.0,76.53798116298115,88.25,RT00431,Los Angeles,Istanbul,Los Angeles → Istanbul
AP015,AP028,2,475,207060.0,75.55128205128204,8.0,RT00432,Los Angeles,Abu Dhabi,Los Angeles → Abu Dhabi
AP015,AP029,5,1075,459311.0,80.14684574684574,30.6,RT00433,Los Angeles,Cape Town,Los Angeles → Cape Town
AP015,AP030,5,1276,355702.0,71.37753207753208,6.2,RT00434,Los Angeles,Hahn,Los Angeles → Hahn
AP016,AP001,7,1299,510432.0,73.85254406682978,7.714285714285714,RT00435,Doha,Chennai,Doha → Chennai
AP016,AP002,5,1225,481199.0,76.27090027090028,8.6,RT00436,Doha,Delhi,Doha → Delhi
AP016,AP003,8,1059,304248.0,51.65226440226441,7.125,RT00437,Doha,Mumbai,Doha → Mumbai
AP016,AP004,12,2642,869958.0,73.30353255353255,34.583333333333336,RT00438,Doha,Bengaluru,Doha → Bengaluru
AP016,AP005,6,1476,673885.0,78.02502502502502,7.833333333333333,RT00439,Doha,Hyderabad,Doha → Hyderabad
AP016,AP006,6,1092,320114.0,75.29250679250679,10.166666666666666,RT00440,Doha,Kolkata,Doha → Kolkata
AP016,AP007,7,1943,792043.0,78.82650682650683,14.285714285714286,RT00441,Doha,Kochi,Doha → Kochi
AP016,AP008,4,820,256220.0,69.21032671032671,8.0,RT00442,Doha,Pune,Doha → Pune
AP016,AP009,8,1666,458981.0,68.41055034805035,36.375,RT00443,Doha,Ahmedabad,Doha → Ahmedabad
AP016,AP010,8,1732,509968.0,75.20284914034914,6.125,RT00444,Doha,Goa,Doha → Goa
AP016,AP011,9,1771,574748.0,68.9935130490686,5.222222222222222,RT00445,Doha,Dubai,Doha → Dubai
AP016,AP012,7,1394,543799.0,71.37907066478495,7.285714285714286,RT00446,Doha,Singapore,Doha → Singapore
AP016,AP013,6,1191,416731.0,73.21740605073938,7.333333333333333,RT00447,Doha,London,Doha → London
AP016,AP014,6,1168,386038.0,71.41222357889025,29.33333333333333,RT00448,Doha,New York,Doha → New York
AP016,AP015,7,1714,531322.0,70.84582084582084,9.285714285714286,RT00449,Doha,Los Angeles,Doha → Los Angeles
AP016,AP017,5,870,273950.0,72.73131313131313,47.0,RT00450,Doha,Frankfurt,Doha → Frankfurt
AP016,AP018,4,704,205828.0,52.37001774501775,44.25,RT00451,Doha,Sydney,Doha → Sydney
AP016,AP019,4,1084,330883.0,76.55128205128206,60.25,RT00452,Doha,Melbourne,Doha → Melbourne
AP016,AP020,1,280,119000.0,86.15384615384616,12.0,RT00453,Doha,Bangkok,Doha → Bangkok
AP016,AP021,7,1238,471880.0,67.0742907885765,19.857142857142858,RT00454,Doha,Kuala Lumpur,Doha → Kuala Lumpur
AP016,AP022,6,1049,318342.0,59.70940170940171,23.83333333333333,RT00455,Doha,Hong Kong,Doha → Hong Kong
AP016,AP023,5,1033,257699.0,72.65117845117845,38.6,RT00456,Doha,Tokyo,Doha → Tokyo
AP016,AP024,2,385,39313.0,78.85885885885887,48.0,RT00457,Doha,Paris,Doha → Paris
AP016,AP025,8,1676,643847.0,69.71318958818959,20.75,RT00458,Doha,Amsterdam,Doha → Amsterdam
AP016,AP026,5,1107,492936.0,86.82481052481053,22.8,RT00459,Doha,Toronto,Doha → Toronto
AP016,AP027,7,1545,521609.0,77.47094647094647,27.857142857142858,RT00460,Doha,Istanbul,Doha → Istanbul
AP016,AP028,8,1616,702612.0,63.86274255024255,16.125,RT00461,Doha,Abu Dhabi,Doha → Abu Dhabi
AP016,AP029,6,1141,261463.0,83.61046977713644,29.0,RT00462,Doha,Cape Town,Doha → Cape Town
AP016,AP030,4,686,235707.0,58.11050986050986,7.25,RT00463,Doha,Hahn,Doha → Hahn
AP017,AP001,7,1448,589145.0,74.59700888272316,21.714285714285715,RT00464,Frankfurt,Chennai,Frankfurt → Chennai
AP017,AP002,3,551,215107.0,57.87179487179487,8.333333333333334,RT00465,Frankfurt,Delhi,Frankfurt → Delhi
AP017,AP003,3,682,102494.0,76.50600600600602,6.333333333333333,RT00466,Frankfurt,Mumbai,Frankfurt → Mumbai
AP017,AP004,5,1305,468759.0,76.68158508158508,10.0,RT00467,Frankfurt,Bengaluru,Frankfurt → Bengaluru
AP017,AP005,7,1314,542705.0,72.21928607642893,30.0,RT00468,Frankfurt,Hyderabad,Frankfurt → Hyderabad
AP017,AP006,4,779,208547.0,71.49382211882212,7.5,RT00469,Frankfurt,Kolkata,Frankfurt → Kolkata
AP017,AP007,7,1483,624875.0,71.81165574022717,8.857142857142858,RT00470,Frankfurt,Kochi,Frankfurt → Kochi
AP017,AP008,9,2099,838876.0,81.49674277452056,6.888888888888889,RT00471,Frankfurt,Pune,Frankfurt → Pune
AP017,AP009,8,1518,424940.0,76.14973914973915,18.625,RT00472,Frankfurt,Ahmedabad,Frankfurt → Ahmedabad
AP017,AP010,5,1235,483802.0,87.77405587405588,11.2,RT00473,Frankfurt,Goa,Frankfurt → Goa
AP017,AP011,3,676,205088.0,82.47008547008546,10.333333333333334,RT00474,Frankfurt,Dubai,Frankfurt → Dubai
AP017,AP012,5,1186,317161.0,74.86822066822067,6.6,RT00475,Frankfurt,Singapore,Frankfurt → Singapore
AP017,AP013,5,809,212066.0,66.95726495726495,8.8,RT00476,Frankfurt,London,Frankfurt → London
AP017,AP014,7,1371,584740.0,68.23286923286923,4.714285714285714,RT00477,Frankfurt,New York,Frankfurt → New York
AP017,AP015,4,641,245494.0,56.99145299145299,7.25,RT00478,Frankfurt,Los Angeles,Frankfurt → Los Angeles
AP017,AP016,5,1085,387700.0,76.1808016808017,7.0,RT00479,Frankfurt,Doha,Frankfurt → Doha
AP017,AP018,7,1117,407875.0,61.03923589637875,42.285714285714285,RT00480,Frankfurt,Sydney,Frankfurt → Sydney
AP017,AP019,4,970,416731.0,73.79920304920304,22.25,RT00481,Frankfurt,Melbourne,Frankfurt → Melbourne
AP017,AP020,2,389,88926.0,73.74242424242425,8.5,RT00482,Frankfurt,Bangkok,Frankfurt → Bangkok
AP017,AP021,3,551,146811.0,81.1925561925562,44.66666666666666,RT00483,Frankfurt,Kuala Lumpur,Frankfurt → Kuala Lumpur
AP017,AP022,8,1699,454531.0,76.52663721413721,52.625,RT00484,Frankfurt,Hong Kong,Frankfurt → Hong Kong
AP017,AP023,7,1527,715578.0,78.77403377403377,49.285714285714285,RT00485,Frankfurt,Tokyo,Frankfurt → Tokyo
AP017,AP024,3,489,164516.0,54.333333333333336,33.666666666666664,RT00486,Frankfurt,Paris,Frankfurt → Paris
AP017,AP025,6,1226,281700.0,70.1062076062076,60.833333333333336,RT00487,Frankfurt,Amsterdam,Frankfurt → Amsterdam
AP017,AP026,7,1628,595709.0,80.1916311916312,9.714285714285714,RT00488,Frankfurt,Toronto,Frankfurt → Toronto
AP017,AP027,1,308,90552.0,94.76923076923076,84.0,RT00489,Frankfurt,Istanbul,Frankfurt → Istanbul
AP017,AP028,4,868,255424.0,78.98354123354123,7.25,RT00490,Frankfurt,Abu Dhabi,Frankfurt → Abu Dhabi
AP017,AP029,3,553,187142.0,86.34038800705468,43.333333333333336,RT00491,Frankfurt,Cape Town,Frankfurt → Cape Town
AP017,AP030,9,1514,529744.0,66.67516206405095,14.77777777777778,RT00492,Frankfurt,Hahn,Frankfurt → Hahn
AP018,AP001,6,1174,390974.0,65.41182524515858,35.166666666666664,RT00493,Sydney,Chennai,Sydney → Chennai
AP018,AP002,8,1389,487481.0,53.41392353892354,11.625,RT00494,Sydney,Delhi,Sydney → Delhi
AP018,AP003,6,1295,459205.0,80.49608016274682,21.33333333333333,RT00495,Sydney,Mumbai,Sydney → Mumbai
AP018,AP004,3,512,133687.0,75.46547279880613,33.666666666666664,RT00496,Sydney,Bengaluru,Sydney → Bengaluru
AP018,AP005,2,497,244277.0,83.43468468468468,8.0,RT00497,Sydney,Hyderabad,Sydney → Hyderabad
AP018,AP006,3,704,182812.0,70.95349895349895,19.666666666666668,RT00498,Sydney,Kolkata,Sydney → Kolkata
AP018,AP007,5,913,389463.0,58.10985530985531,12.4,RT00499,Sydney,Kochi,Sydney → Kochi
AP018,AP008,6,1324,421512.0,83.66461916461917,9.666666666666666,RT00500,Sydney,Pune,Sydney → Pune
AP018,AP009,3,663,220482.0,81.28449328449328,50.66666666666666,RT00501,Sydney,Ahmedabad,Sydney → Ahmedabad
AP018,AP010,3,561,229097.0,74.81755281755281,8.333333333333334,RT00502,Sydney,Goa,Sydney → Goa
AP018,AP011,3,679,264578.0,87.25589225589226,48.333333333333336,RT00503,Sydney,Dubai,Sydney → Dubai
AP018,AP012,6,1384,494823.0,76.3189257355924,13.333333333333334,RT00504,Sydney,Singapore,Sydney → Singapore
AP018,AP013,6,1335,473815.0,70.35561610561611,8.166666666666666,RT00505,Sydney,London,Sydney → London
AP018,AP014,11,2155,728185.0,70.54509409054863,58.09090909090909,RT00506,Sydney,New York,Sydney → New York
AP018,AP015,5,1104,435030.0,74.8070329070329,36.0,RT00507,Sydney,Los Angeles,Sydney → Los Angeles
AP018,AP016,8,1760,575697.0,80.09118196618196,18.0,RT00508,Sydney,Doha,Sydney → Doha
AP018,AP017,7,1546,574605.0,79.69265840694412,32.857142857142854,RT00509,Sydney,Frankfurt,Sydney → Frankfurt
AP018,AP019,5,896,202602.0,59.48681688681688,7.0,RT00510,Sydney,Melbourne,Sydney → Melbourne
AP018,AP020,4,967,417496.0,78.8974358974359,6.5,RT00511,Sydney,Bangkok,Sydney → Bangkok
AP018,AP021,7,1610,510537.0,74.8820715963573,16.285714285714285,RT00512,Sydney,Kuala Lumpur,Sydney → Kuala Lumpur
AP018,AP022,5,1205,367909.0,84.33853083853084,48.8,RT00513,Sydney,Hong Kong,Sydney → Hong Kong
AP018,AP023,5,876,292036.0,68.10964300964301,7.8,RT00514,Sydney,Tokyo,Sydney → Tokyo
AP018,AP024,3,587,314945.0,82.38943488943488,5.666666666666667,RT00515,Sydney,Paris,Sydney → Paris
AP018,AP025,5,1092,533623.0,78.63401973401974,41.6,RT00516,Sydney,Amsterdam,Sydney → Amsterdam
AP018,AP026,6,1158,430786.0,78.92036358703025,41.16666666666666,RT00517,Sydney,Toronto,Sydney → Toronto
AP018,AP027,4,790,295611.0,81.44576719576719,8.5,RT00518,Sydney,Istanbul,Sydney → Istanbul
AP018,AP028,11,1512,648443.0,60.925906425906426,37.27272727272727,RT00519,Sydney,Abu Dhabi,Sydney → Abu Dhabi
AP018,AP029,4,940,348336.0,74.82051282051282,44.5,RT00520,Sydney,Cape Town,Sydney → Cape Town
AP018,AP030,2,502,145103.0,80.50155925155926,4.0,RT00521,Sydney,Hahn,Sydney → Hahn
AP019,AP001,6,1489,738414.0,81.68528385195052,63.5,RT00522,Melbourne,Chennai,Melbourne → Chennai
AP019,AP002,2,397,72590.0,75.92424242424242,8.0,RT00523,Melbourne,Delhi,Melbourne → Delhi
AP019,AP003,7,1263,418641.0,79.59804145518432,29.142857142857142,RT00524,Melbourne,Mumbai,Melbourne → Mumbai
AP019,AP004,8,1697,635185.0,76.11038254788255,32.25,RT00525,Melbourne,Bengaluru,Melbourne → Bengaluru
AP019,AP005,11,2735,1281396.0,79.25174347901621,15.818181818181818,RT00526,Melbourne,Hyderabad,Melbourne → Hyderabad
AP019,AP006,7,1352,572148.0,66.04592426020997,16.714285714285715,RT00527,Melbourne,Kolkata,Melbourne → Kolkata
AP019,AP007,11,2112,1031109.0,72.43427993427994,23.181818181818183,RT00528,Melbourne,Kochi,Melbourne → Kochi
AP019,AP008,10,2300,824549.0,81.08413998413998,21.3,RT00529,Melbourne,Pune,Melbourne → Pune
AP019,AP009,4,938,212892.0,81.06268768768768,56.5,RT00530,Melbourne,Ahmedabad,Melbourne → Ahmedabad
AP019,AP010,6,1176,437728.0,67.95270270270271,15.5,RT00531,Melbourne,Goa,Melbourne → Goa
AP019,AP011,8,1543,417704.0,74.34307884307884,6.125,RT00532,Melbourne,Dubai,Melbourne → Dubai
AP019,AP012,6,1104,332448.0,75.91137441137441,47.16666666666666,RT00533,Melbourne,Singapore,Melbourne → Singapore
AP019,AP013,4,851,423098.0,76.73185823185823,37.0,RT00534,Melbourne,London,Melbourne → London
AP019,AP014,11,2106,860281.0,73.32832519196155,36.0,RT00535,Melbourne,New York,Melbourne → New York
AP019,AP015,3,443,169466.0,79.02116402116401,46.0,RT00536,Melbourne,Los Angeles,Melbourne → Los Angeles
AP019,AP016,4,1026,493502.0,83.0643256893257,12.75,RT00537,Melbourne,Doha,Melbourne → Doha
AP019,AP017,7,1263,467344.0,72.84686820401106,5.142857142857143,RT00538,Melbourne,Frankfurt,Melbourne → Frankfurt
AP019,AP018,7,1712,541271.0,76.55029955029954,6.0,RT00539,Melbourne,Sydney,Melbourne → Sydney
AP019,AP020,7,1596,761545.0,79.53453053453053,50.57142857142857,RT00540,Melbourne,Bangkok,Melbourne → Bangkok
AP019,AP021,8,1771,704131.0,80.27834346584346,22.625,RT00541,Melbourne,Kuala Lumpur,Melbourne → Kuala Lumpur
AP019,AP022,7,1760,524083.0,77.62691812691813,58.85714285714285,RT00542,Melbourne,Hong Kong,Melbourne → Hong Kong
AP019,AP023,5,1339,477167.0,77.38380688380688,17.6,RT00543,Melbourne,Tokyo,Melbourne → Tokyo
AP019,AP024,3,665,416731.0,65.33018333018333,4.333333333333333,RT00544,Melbourne,Paris,Melbourne → Paris
AP019,AP025,5,1195,496353.0,78.61882891882892,15.8,RT00545,Melbourne,Amsterdam,Melbourne → Amsterdam
AP019,AP026,6,1150,526428.0,70.58832525499191,26.666666666666668,RT00546,Melbourne,Toronto,Melbourne → Toronto
AP019,AP027,1,239,74090.0,80.74324324324324,11.0,RT00547,Melbourne,Istanbul,Melbourne → Istanbul
AP019,AP028,3,660,326824.0,71.31750981750982,4.0,RT00548,Melbourne,Abu Dhabi,Melbourne → Abu Dhabi
AP019,AP029,8,1741,650279.0,77.8542446042446,42.0,RT00549,Melbourne,Cape Town,Melbourne → Cape Town
AP019,AP030,4,660,128105.0,76.48809523809524,9.0,RT00550,Melbourne,Hahn,Melbourne → Hahn
AP020,AP001,8,1783,595499.0,70.17783605283606,27.0,RT00551,Bangkok,Chennai,Bangkok → Chennai
AP020,AP002,7,1426,695630.0,75.32363403791975,40.71428571428572,RT00552,Bangkok,Delhi,Bangkok → Delhi
AP020,AP003,4,795,349731.0,74.78980278980279,8.5,RT00553,Bangkok,Mumbai,Bangkok → Mumbai
AP020,AP004,8,1974,919632.0,80.89148351648352,4.75,RT00554,Bangkok,Bengaluru,Bangkok → Bengaluru
AP020,AP005,3,640,125543.0,83.22190155523488,30.666666666666668,RT00555,Bangkok,Hyderabad,Bangkok → Hyderabad
AP020,AP006,2,455,159387.0,82.6010101010101,5.5,RT00556,Bangkok,Kolkata,Bangkok → Kolkata
AP020,AP007,6,1143,379478.0,70.85016835016835,14.333333333333334,RT00557,Bangkok,Kochi,Bangkok → Kochi
AP020,AP008,5,942,460397.0,73.36250316250316,9.4,RT00558,Bangkok,Pune,Bangkok → Pune
AP020,AP009,9,1990,738561.0,81.72871339538005,38.22222222222222,RT00559,Bangkok,Ahmedabad,Bangkok → Ahmedabad
AP020,AP010,6,1270,663776.0,67.37606837606837,29.0,RT00560,Bangkok,Goa,Bangkok → Goa
AP020,AP011,5,794,350770.0,59.87592737592737,20.6,RT00561,Bangkok,Dubai,Bangkok → Dubai
AP020,AP012,3,646,252246.0,64.37555037555038,2.6666666666666665,RT00562,Bangkok,Singapore,Bangkok → Singapore
AP020,AP013,12,2268,973148.0,69.80729684896352,33.416666666666664,RT00563,Bangkok,London,Bangkok → London
AP020,AP014,1,62,11470.0,34.44444444444444,11.0,RT00564,Bangkok,New York,Bangkok → New York
AP020,AP015,7,1412,578638.0,71.79044350472921,65.57142857142857,RT00565,Bangkok,Los Angeles,Bangkok → Los Angeles
AP020,AP016,4,916,369307.0,82.08585858585859,3.0,RT00566,Bangkok,Doha,Bangkok → Doha
AP020,AP017,4,920,247964.0,72.93007918007918,10.25,RT00567,Bangkok,Frankfurt,Bangkok → Frankfurt
AP020,AP018,6,1086,320378.0,76.69557436224103,41.66666666666666,RT00568,Bangkok,Sydney,Bangkok → Sydney
AP020,AP019,5,964,201134.0,79.76103896103896,9.4,RT00569,Bangkok,Melbourne,Bangkok → Melbourne
AP020,AP021,11,2165,757081.0,71.6209726664272,22.2,RT00570,Bangkok,Kuala Lumpur,Bangkok → Kuala Lumpur
AP020,AP022,9,1975,416731.0,78.98382326160105,30.666666666666668,RT00571,Bangkok,Hong Kong,Bangkok → Hong Kong
AP020,AP023,4,768,277701.0,76.77669552669553,6.5,RT00572,Bangkok,Tokyo,Bangkok → Tokyo
AP020,AP024,7,1334,513385.0,74.85467749753465,26.714285714285715,RT00573,Bangkok,Paris,Bangkok → Paris
AP020,AP025,5,998,365838.0,78.03601293601294,6.8,RT00574,Bangkok,Amsterdam,Bangkok → Amsterdam
AP020,AP026,6,1499,656707.0,78.11851011851012,17.5,RT00575,Bangkok,Toronto,Bangkok → Toronto
AP020,AP027,11,2417,991749.0,75.72112067566613,27.27272727272728,RT00576,Bangkok,Istanbul,Bangkok → Istanbul
AP020,AP028,5,1053,484571.0,70.38648648648649,29.8,RT00577,Bangkok,Abu Dhabi,Bangkok → Abu Dhabi
AP020,AP030,4,857,458223.0,78.64741527241527,50.5,RT00578,Bangkok,Hahn,Bangkok → Hahn
AP021,AP001,4,822,278926.0,68.70490620490621,38.25,RT00579,Kuala Lumpur,Chennai,Kuala Lumpur → Chennai
AP021,AP002,2,392,235232.0,71.71021571021572,91.5,RT00580,Kuala Lumpur,Delhi,Kuala Lumpur → Delhi
AP021,AP003,3,659,228685.0,80.65206115206115,4.666666666666667,RT00581,Kuala Lumpur,Mumbai,Kuala Lumpur → Mumbai
AP021,AP004,4,948,402640.0,83.87641062641063,7.0,RT00582,Kuala Lumpur,Bengaluru,Kuala Lumpur → Bengaluru
AP021,AP005,6,1072,289400.0,71.81891956891957,19.0,RT00583,Kuala Lumpur,Hyderabad,Kuala Lumpur → Hyderabad
AP021,AP006,5,692,255749.0,59.34256854256854,40.6,RT00584,Kuala Lumpur,Kolkata,Kuala Lumpur → Kolkata
AP021,AP007,3,582,237286.0,84.79012345679013,49.0,RT00585,Kuala Lumpur,Kochi,Kuala Lumpur → Kochi
AP021,AP008,8,1677,549222.0,82.42940586690587,26.125,RT00586,Kuala Lumpur,Pune,Kuala Lumpur → Pune
AP021,AP009,7,1535,543145.0,71.50808800808801,6.857142857142857,RT00587,Kuala Lumpur,Ahmedabad,Kuala Lumpur → Ahmedabad
AP021,AP010,7,1501,449341.0,74.55635369921085,56.85714285714285,RT00588,Kuala Lumpur,Goa,Kuala Lumpur → Goa
AP021,AP011,7,1585,453840.0,79.07697414840273,6.857142857142857,RT00589,Kuala Lumpur,Dubai,Kuala Lumpur → Dubai
AP021,AP012,5,984,276537.0,84.33715913715915,57.6,RT00590,Kuala Lumpur,Singapore,Kuala Lumpur → Singapore
AP021,AP013,9,2128,791537.0,78.85582085582085,16.88888888888889,RT00591,Kuala Lumpur,London,Kuala Lumpur → London
AP021,AP014,5,1281,573928.0,87.08376068376069,8.0,RT00592,Kuala Lumpur,New York,Kuala Lumpur → New York
AP021,AP015,6,1178,396258.0,66.98685048685049,26.5,RT00593,Kuala Lumpur,Los Angeles,Kuala Lumpur → Los Angeles
AP021,AP016,9,1809,740889.0,74.38030976919866,26.88888888888889,RT00594,Kuala Lumpur,Doha,Kuala Lumpur → Doha
AP021,AP017,2,386,198912.0,81.26876876876877,8.5,RT00595,Kuala Lumpur,Frankfurt,Kuala Lumpur → Frankfurt
AP021,AP018,5,1186,445614.0,84.78243978243978,36.6,RT00596,Kuala Lumpur,Sydney,Kuala Lumpur → Sydney
AP021,AP019,4,623,227024.0,56.628071253071255,30.0,RT00597,Kuala Lumpur,Melbourne,Kuala Lumpur → Melbourne
AP021,AP020,9,1842,703643.0,74.16455488677711,23.77777777777778,RT00598,Kuala Lumpur,Bangkok,Kuala Lumpur → Bangkok
AP021,AP022,5,973,416822.0,72.6975345975346,8.0,RT00599,Kuala Lumpur,Hong Kong,Kuala Lumpur → Hong Kong
AP021,AP023,4,663,272192.0,62.180652680652685,11.75,RT00600,Kuala Lumpur,Tokyo,Kuala Lumpur → Tokyo
AP021,AP024,11,2703,1124808.0,77.19987383623747,15.545454545454543,RT00601,Kuala Lumpur,Paris,Kuala Lumpur → Paris
AP021,AP025,2,307,167882.0,74.05964405964406,7.0,RT00602,Kuala Lumpur,Amsterdam,Kuala Lumpur → Amsterdam
AP021,AP026,8,1846,544158.0,76.59794884794884,40.0,RT00603,Kuala Lumpur,Toronto,Kuala Lumpur → Toronto
AP021,AP027,7,1265,528297.0,64.3849812421241,39.0,RT00604,Kuala Lumpur,Istanbul,Kuala Lumpur → Istanbul
AP021,AP028,6,1132,391005.0,73.92440492440493,39.16666666666666,RT00605,Kuala Lumpur,Abu Dhabi,Kuala Lumpur → Abu Dhabi
AP021,AP029,5,1042,350525.0,74.1985717985718,42.8,RT00606,Kuala Lumpur,Cape Town,Kuala Lumpur → Cape Town
AP021,AP030,7,1455,636260.0,79.95359173930602,28.0,RT00607,Kuala Lumpur,Hahn,Kuala Lumpur → Hahn
AP022,AP001,7,1366,571703.0,80.26070561784847,34.142857142857146,RT00608,Hong Kong,Chennai,Hong Kong → Chennai
AP022,AP002,5,915,284030.0,69.22289562289562,3.8,RT00609,Hong Kong,Delhi,Hong Kong → Delhi
AP022,AP003,4,905,360485.0,76.03269178269178,26.0,RT00610,Hong Kong,Mumbai,Hong Kong → Mumbai
AP022,AP004,9,1994,581077.0,82.73043867488312,14.11111111111111,RT00611,Hong Kong,Bengaluru,Hong Kong → Bengaluru
AP022,AP005,5,1418,560836.0,90.39729729729729,35.4,RT00612,Hong Kong,Hyderabad,Hong Kong → Hyderabad
AP022,AP006,4,731,300556.0,65.85998498498498,36.25,RT00613,Hong Kong,Kolkata,Hong Kong → Kolkata
AP022,AP007,8,1625,393020.0,63.43064086814087,20.75,RT00614,Hong Kong,Kochi,Hong Kong → Kochi
AP022,AP008,4,823,126820.0,73.38544226044226,8.75,RT00615,Hong Kong,Pune,Hong Kong → Pune
AP022,AP009,9,2171,779556.0,73.12426529093196,14.444444444444445,RT00616,Hong Kong,Ahmedabad,Hong Kong → Ahmedabad
AP022,AP010,8,1563,584550.0,74.2801835926836,45.0,RT00617,Hong Kong,Goa,Hong Kong → Goa
AP022,AP011,2,487,197223.0,82.64790764790764,52.0,RT00618,Hong Kong,Dubai,Hong Kong → Dubai
AP022,AP012,3,572,121100.0,72.27272727272728,29.666666666666668,RT00619,Hong Kong,Singapore,Hong Kong → Singapore
AP022,AP013,10,2070,817417.0,73.05272475272474,15.7,RT00620,Hong Kong,London,Hong Kong → London
AP022,AP014,7,1560,445432.0,78.08949301806445,27.285714285714285,RT00621,Hong Kong,New York,Hong Kong → New York
AP022,AP015,5,976,474485.0,76.26851136851137,25.8,RT00622,Hong Kong,Los Angeles,Hong Kong → Los Angeles
AP022,AP016,3,725,256527.0,85.23914823914824,25.0,RT00623,Hong Kong,Doha,Hong Kong → Doha
AP022,AP017,5,1121,436056.0,75.27542087542088,12.2,RT00624,Hong Kong,Frankfurt,Hong Kong → Frankfurt
AP022,AP018,4,624,338218.0,72.66087516087516,46.75,RT00625,Hong Kong,Sydney,Hong Kong → Sydney
AP022,AP019,6,1258,365006.0,79.7618369285036,8.833333333333334,RT00626,Hong Kong,Melbourne,Hong Kong → Melbourne
AP022,AP020,4,893,384253.0,78.90531878031878,47.75,RT00627,Hong Kong,Bangkok,Hong Kong → Bangkok
AP022,AP021,6,1311,370772.0,76.92213208879876,35.833333333333336,RT00628,Hong Kong,Kuala Lumpur,Hong Kong → Kuala Lumpur
AP022,AP023,3,627,184349.0,70.67771234437902,50.66666666666666,RT00629,Hong Kong,Tokyo,Hong Kong → Tokyo
AP022,AP024,6,1359,479728.0,70.65473157139824,53.0,RT00630,Hong Kong,Paris,Hong Kong → Paris
AP022,AP025,4,844,191500.0,76.29125554125554,4.75,RT00631,Hong Kong,Amsterdam,Hong Kong → Amsterdam
AP022,AP026,5,935,245466.0,70.7005439005439,12.6,RT00632,Hong Kong,Toronto,Hong Kong → Toronto
AP022,AP027,1,222,31524.0,74.0,173.0,RT00633,Hong Kong,Istanbul,Hong Kong → Istanbul
AP022,AP028,7,1489,553188.0,71.4816083387512,7.0,RT00634,Hong Kong,Abu Dhabi,Hong Kong → Abu Dhabi
AP022,AP029,5,1238,547677.0,81.08926628926629,12.0,RT00635,Hong Kong,Cape Town,Hong Kong → Cape Town
AP022,AP030,6,1223,369365.0,69.43990902324236,59.833333333333336,RT00636,Hong Kong,Hahn,Hong Kong → Hahn
AP023,AP001,7,1216,348764.0,67.3044733044733,7.285714285714286,RT00637,Tokyo,Chennai,Tokyo → Chennai
AP023,AP002,4,864,300883.0,82.23296148296149,28.75,RT00638,Tokyo,Delhi,Tokyo → Delhi
AP023,AP003,3,659,146440.0,78.88156288156289,45.66666666666666,RT00639,Tokyo,Mumbai,Tokyo → Mumbai
AP023,AP004,4,837,328456.0,76.23799348799349,5.25,RT00640,Tokyo,Bengaluru,Tokyo → Bengaluru
AP023,AP005,6,766,254657.0,60.03086419753087,23.83333333333333,RT00641,Tokyo,Hyderabad,Tokyo → Hyderabad
AP023,AP006,7,1333,431018.0,72.40744105029819,28.857142857142858,RT00642,Tokyo,Kolkata,Tokyo → Kolkata
AP023,AP007,8,1612,547908.0,73.88686763686763,17.625,RT00643,Tokyo,Kochi,Tokyo → Kochi
AP023,AP008,4,708,189137.0,70.82944832944833,16.75,RT00644,Tokyo,Pune,Tokyo → Pune
AP023,AP009,4,880,304725.0,78.97502035002034,7.75,RT00645,Tokyo,Ahmedabad,Tokyo → Ahmedabad
AP023,AP010,5,895,215856.0,57.53939393939394,31.8,RT00646,Tokyo,Goa,Tokyo → Goa
AP023,AP011,7,1338,551245.0,72.42478485335629,41.85714285714285,RT00647,Tokyo,Dubai,Tokyo → Dubai
AP023,AP012,9,1939,644986.0,78.6588023810246,11.444444444444445,RT00648,Tokyo,Singapore,Tokyo → Singapore
AP023,AP013,5,1194,536601.0,84.99060379060379,31.8,RT00649,Tokyo,London,Tokyo → London
AP023,AP014,5,1324,459057.0,81.0909090909091,8.6,RT00650,Tokyo,New York,Tokyo → New York
AP023,AP015,7,1681,817157.0,74.67499917499917,13.285714285714286,RT00651,Tokyo,Los Angeles,Tokyo → Los Angeles
AP023,AP016,6,1478,448388.0,83.59985101651769,21.5,RT00652,Tokyo,Doha,Tokyo → Doha
AP023,AP017,6,1454,347149.0,76.51658651658651,22.666666666666668,RT00653,Tokyo,Frankfurt,Tokyo → Frankfurt
AP023,AP018,6,1254,448784.0,78.54118729118728,23.5,RT00654,Tokyo,Sydney,Tokyo → Sydney
AP023,AP019,2,378,135388.0,74.31664631664631,3.5,RT00655,Tokyo,Melbourne,Tokyo → Melbourne
AP023,AP020,5,768,356842.0,54.605783405783406,11.6,RT00656,Tokyo,Bangkok,Tokyo → Bangkok
AP023,AP021,8,1627,522111.0,74.2891826016826,41.375,RT00657,Tokyo,Kuala Lumpur,Tokyo → Kuala Lumpur
AP023,AP022,2,564,62472.0,81.39393939393939,3.5,RT00658,Tokyo,Hong Kong,Tokyo → Hong Kong
AP023,AP024,3,690,221188.0,84.68024801358133,54.333333333333336,RT00659,Tokyo,Paris,Tokyo → Paris
AP023,AP025,3,426,118951.0,54.93652743652744,7.666666666666667,RT00660,Tokyo,Amsterdam,Tokyo → Amsterdam
AP023,AP026,9,1975,644020.0,74.74928308261642,18.22222222222222,RT00661,Tokyo,Toronto,Tokyo → Toronto
AP023,AP027,4,631,329377.0,52.0520128020128,17.25,RT00662,Tokyo,Istanbul,Tokyo → Istanbul
AP023,AP028,5,1130,336673.0,77.6969696969697,6.6,RT00663,Tokyo,Abu Dhabi,Tokyo → Abu Dhabi
AP023,AP029,7,1603,394823.0,77.56761228189801,26.0,RT00664,Tokyo,Cape Town,Tokyo → Cape Town
AP023,AP030,6,1127,527480.0,72.18207718207718,14.833333333333334,RT00665,Tokyo,Hahn,Tokyo → Hahn
AP024,AP001,2,574,111669.0,78.68104118104117,75.5,RT00666,Paris,Chennai,Paris → Chennai
AP024,AP002,1,93,24552.0,49.2063492063492,15.0,RT00667,Paris,Delhi,Paris → Delhi
AP024,AP003,5,1000,209172.0,71.85690605690607,44.4,RT00668,Paris,Mumbai,Paris → Mumbai
AP024,AP004,6,1367,434150.0,75.87488187488188,41.0,RT00669,Paris,Bengaluru,Paris → Bengaluru
AP024,AP005,9,1853,463354.0,72.03055508611064,57.333333333333336,RT00670,Paris,Hyderabad,Paris → Hyderabad
AP024,AP006,5,999,361603.0,82.14874014874015,55.0,RT00671,Paris,Kolkata,Paris → Kolkata
AP024,AP007,3,580,72272.0,71.0352733686067,53.0,RT00672,Paris,Kochi,Paris → Kochi
AP024,AP008,4,927,173072.0,73.14918414918415,23.0,RT00673,Paris,Pune,Paris → Pune
AP024,AP009,5,1319,737822.0,79.68066318066317,6.2,RT00674,Paris,Ahmedabad,Paris → Ahmedabad
AP024,AP010,4,847,332859.0,74.35195772695772,21.0,RT00675,Paris,Goa,Paris → Goa
AP024,AP011,10,1855,740043.0,68.96690466690467,11.6,RT00676,Paris,Dubai,Paris → Dubai
AP024,AP012,3,475,193546.0,50.76784476784477,10.0,RT00677,Paris,Singapore,Paris → Singapore
AP024,AP013,5,1164,371903.0,84.04744744744745,5.8,RT00678,Paris,London,Paris → London
AP024,AP014,3,426,102954.0,47.5990990990991,9.666666666666666,RT00679,Paris,New York,Paris → New York
AP024,AP015,7,1794,394922.0,83.75591525591526,24.428571428571427,RT00680,Paris,Los Angeles,Paris → Los Angeles
AP024,AP016,4,1300,503211.0,86.47027972027972,32.75,RT00681,Paris,Doha,Paris → Doha
AP024,AP017,3,675,233961.0,82.19654452987787,67.33333333333333,RT00682,Paris,Frankfurt,Paris → Frankfurt
AP024,AP018,2,279,81233.0,75.8068783068783,8.0,RT00683,Paris,Sydney,Paris → Sydney
AP024,AP019,5,1005,374251.0,74.07503607503608,22.6,RT00684,Paris,Melbourne,Paris → Melbourne
AP024,AP020,4,987,381583.0,81.17948717948718,18.5,RT00685,Paris,Bangkok,Paris → Bangkok
AP024,AP021,4,1073,246989.0,78.7043512043512,7.5,RT00686,Paris,Kuala Lumpur,Paris → Kuala Lumpur
AP024,AP022,8,1902,755335.0,68.31109037359037,51.625,RT00687,Paris,Hong Kong,Paris → Hong Kong
AP024,AP023,1,211,68153.0,71.28378378378379,31.0,RT00688,Paris,Tokyo,Paris → Tokyo
AP024,AP025,3,744,285074.0,72.10774410774411,41.0,RT00689,Paris,Amsterdam,Paris → Amsterdam
AP024,AP026,5,1145,322195.0,71.13192253192253,31.4,RT00690,Paris,Toronto,Paris → Toronto
AP024,AP027,6,1328,369732.0,76.10910694244028,14.833333333333334,RT00691,Paris,Istanbul,Paris → Istanbul
AP024,AP028,7,1046,310457.0,65.73597302168731,27.857142857142858,RT00692,Paris,Abu Dhabi,Paris → Abu Dhabi
AP024,AP029,5,1011,368711.0,83.4990174990175,41.4,RT00693,Paris,Cape Town,Paris → Cape Town
AP024,AP030,9,1669,416583.0,71.5287264176153,41.55555555555556,RT00694,Paris,Hahn,Paris → Hahn
AP025,AP001,11,2642,930235.0,72.76310067219157,50.0,RT00695,Amsterdam,Chennai,Amsterdam → Chennai
AP025,AP002,4,802,231916.0,77.84950372450372,30.0,RT00696,Amsterdam,Delhi,Amsterdam → Delhi
AP025,AP003,6,918,369434.0,60.32819724486391,30.33333333333333,RT00697,Amsterdam,Mumbai,Amsterdam → Mumbai
AP025,AP004,6,1057,297312.0,66.42437192437193,5.333333333333333,RT00698,Amsterdam,Bengaluru,Amsterdam → Bengaluru
AP025,AP005,5,1052,389321.0,72.55451215451215,22.2,RT00699,Amsterdam,Hyderabad,Amsterdam → Hyderabad
AP025,AP006,7,1571,605691.0,76.26440962155247,4.285714285714286,RT00700,Amsterdam,Kolkata,Amsterdam → Kolkata
AP025,AP007,4,1046,443678.0,78.70166057666057,49.75,RT00701,Amsterdam,Kochi,Amsterdam → Kochi
AP025,AP008,3,723,226672.0,81.54545454545455,43.66666666666666,RT00702,Amsterdam,Pune,Amsterdam → Pune
AP025,AP009,9,1757,578315.0,73.88958366736145,26.0,RT00703,Amsterdam,Ahmedabad,Amsterdam → Ahmedabad
AP025,AP010,5,995,428574.0,77.89748839748839,7.6,RT00704,Amsterdam,Goa,Amsterdam → Goa
AP025,AP011,5,986,293965.0,71.96094276094276,8.6,RT00705,Amsterdam,Dubai,Amsterdam → Dubai
AP025,AP012,4,690,239121.0,71.33510296010296,12.0,RT00706,Amsterdam,Singapore,Amsterdam → Singapore
AP025,AP013,4,697,317305.0,77.85930735930737,51.0,RT00707,Amsterdam,London,Amsterdam → London
AP025,AP014,3,552,239985.0,81.83838383838383,9.666666666666666,RT00708,Amsterdam,New York,Amsterdam → New York
AP025,AP015,7,1396,459528.0,68.21665464522607,56.85714285714285,RT00709,Amsterdam,Los Angeles,Amsterdam → Los Angeles
AP025,AP016,4,810,333637.0,75.77136752136752,31.75,RT00710,Amsterdam,Doha,Amsterdam → Doha
AP025,AP017,6,1075,332896.0,64.23338923338923,36.833333333333336,RT00711,Amsterdam,Frankfurt,Amsterdam → Frankfurt
AP025,AP018,1,139,41144.0,77.22222222222223,53.0,RT00712,Amsterdam,Sydney,Amsterdam → Sydney
AP025,AP019,4,669,280239.0,74.2502405002405,45.0,RT00713,Amsterdam,Melbourne,Amsterdam → Melbourne
AP025,AP020,5,1318,479623.0,84.08461538461538,40.2,RT00714,Amsterdam,Bangkok,Amsterdam → Bangkok
AP025,AP021,6,1452,632848.0,78.49435907769241,30.166666666666668,RT00715,Amsterdam,Kuala Lumpur,Amsterdam → Kuala Lumpur
AP025,AP022,8,1530,665522.0,72.57089707089708,22.625,RT00716,Amsterdam,Hong Kong,Amsterdam → Hong Kong
AP025,AP023,6,1538,548386.0,82.42155792155792,8.166666666666666,RT00717,Amsterdam,Tokyo,Amsterdam → Tokyo
AP025,AP024,7,1694,548811.0,80.18604225747083,33.57142857142857,RT00718,Amsterdam,Paris,Amsterdam → Paris
AP025,AP026,5,883,289172.0,74.83501683501683,8.0,RT00719,Amsterdam,Toronto,Amsterdam → Toronto
AP025,AP027,7,1602,629532.0,74.73923673923673,29.571428571428573,RT00720,Amsterdam,Istanbul,Amsterdam → Istanbul
AP025,AP028,9,1824,569606.0,71.29116173560618,23.88888888888889,RT00721,Amsterdam,Abu Dhabi,Amsterdam → Abu Dhabi
AP025,AP029,7,1371,416731.0,67.60176831605403,21.857142857142858,RT00722,Amsterdam,Cape Town,Amsterdam → Cape Town
AP025,AP030,6,1336,545480.0,83.21423838090504,38.16666666666666,RT00723,Amsterdam,Hahn,Amsterdam → Hahn
AP026,AP001,7,1525,547016.0,74.46893846893848,24.142857142857142,RT00724,Toronto,Chennai,Toronto → Chennai
AP026,AP002,9,2032,609094.0,77.58049252493697,6.222222222222222,RT00725,Toronto,Delhi,Toronto → Delhi
AP026,AP003,8,1927,746739.0,78.47058422058421,30.625,RT00726,Toronto,Mumbai,Toronto → Mumbai
AP026,AP004,7,1568,508039.0,79.25248825248825,18.142857142857142,RT00727,Toronto,Bengaluru,Toronto → Bengaluru
AP026,AP005,3,710,314672.0,77.67628667628668,10.666666666666666,RT00728,Toronto,Hyderabad,Toronto → Hyderabad
AP026,AP006,1,163,34882.0,86.24338624338624,15.0,RT00729,Toronto,Kolkata,Toronto → Kolkata
AP026,AP007,9,1803,919279.0,75.25694420138865,30.22222222222222,RT00730,Toronto,Kochi,Toronto → Kochi
AP026,AP008,10,1816,837108.0,74.148360998361,10.2,RT00731,Toronto,Pune,Toronto → Pune
AP026,AP009,5,820,247253.0,76.62558012558013,49.8,RT00732,Toronto,Ahmedabad,Toronto → Ahmedabad
AP026,AP010,10,1771,633083.0,77.09178654178655,22.2,RT00733,Toronto,Goa,Toronto → Goa
AP026,AP011,6,1010,190849.0,58.16162232828899,30.166666666666668,RT00734,Toronto,Dubai,Toronto → Dubai
AP026,AP012,3,635,356094.0,73.7039627039627,12.666666666666666,RT00735,Toronto,Singapore,Toronto → Singapore
AP026,AP013,4,882,277034.0,71.67895067895068,9.0,RT00736,Toronto,London,Toronto → London
AP026,AP014,10,2083,810950.0,72.34586994586995,22.3,RT00737,Toronto,New York,Toronto → New York
AP026,AP015,5,776,218713.0,64.50909090909092,42.2,RT00738,Toronto,Los Angeles,Toronto → Los Angeles
AP026,AP016,12,2630,881414.0,75.33736942070276,14.75,RT00739,Toronto,Doha,Toronto → Doha
AP026,AP017,5,620,207420.0,40.4983367983368,36.2,RT00740,Toronto,Frankfurt,Toronto → Frankfurt
AP026,AP018,7,1523,526545.0,74.94119915548488,36.57142857142857,RT00741,Toronto,Sydney,Toronto → Sydney
AP026,AP019,8,1430,614771.0,63.78935116435117,33.875,RT00742,Toronto,Melbourne,Toronto → Melbourne
AP026,AP020,5,1106,317688.0,74.31441441441441,9.6,RT00743,Toronto,Bangkok,Toronto → Bangkok
AP026,AP021,10,2194,782166.0,78.32656222656223,29.9,RT00744,Toronto,Kuala Lumpur,Toronto → Kuala Lumpur
AP026,AP022,4,729,272897.0,64.27525252525253,5.5,RT00745,Toronto,Hong Kong,Toronto → Hong Kong
AP026,AP023,6,1307,348084.0,79.87145570478904,32.166666666666664,RT00746,Toronto,Tokyo,Toronto → Tokyo
AP026,AP024,9,1573,609231.0,65.21754377309932,19.0,RT00747,Toronto,Paris,Toronto → Paris
AP026,AP025,4,958,293237.0,80.81325156325155,3.0,RT00748,Toronto,Amsterdam,Toronto → Amsterdam
AP026,AP027,12,2419,742508.0,74.7674779758113,19.08333333333333,RT00749,Toronto,Istanbul,Toronto → Istanbul
AP026,AP028,6,1191,315335.0,73.59864401531068,34.166666666666664,RT00750,Toronto,Abu Dhabi,Toronto → Abu Dhabi
AP026,AP029,4,592,238983.0,74.81755281755281,16.75,RT00751,Toronto,Cape Town,Toronto → Cape Town
AP026,AP030,7,1788,639637.0,83.44000444000444,105.28571428571428,RT00752,Toronto,Hahn,Toronto → Hahn
AP027,AP001,4,540,267694.0,57.774584649584654,8.5,RT00753,Istanbul,Chennai,Istanbul → Chennai
AP027,AP002,5,821,452028.0,53.08544698544698,35.8,RT00754,Istanbul,Delhi,Istanbul → Delhi
AP027,AP003,9,1500,551934.0,76.7068692068692,32.44444444444444,RT00755,Istanbul,Mumbai,Istanbul → Mumbai
AP027,AP004,3,664,243079.0,83.92042042042043,6.333333333333333,RT00756,Istanbul,Bengaluru,Istanbul → Bengaluru
AP027,AP005,6,1138,374702.0,75.81379731379731,32.5,RT00757,Istanbul,Hyderabad,Istanbul → Hyderabad
AP027,AP006,4,981,401433.0,74.88636363636363,37.25,RT00758,Istanbul,Kolkata,Istanbul → Kolkata
AP027,AP007,4,883,356210.0,78.05474155474155,2.75,RT00759,Istanbul,Kochi,Istanbul → Kochi
AP027,AP008,2,310,175463.0,66.40765765765767,10.0,RT00760,Istanbul,Pune,Istanbul → Pune
AP027,AP009,9,2215,820714.0,84.18164551497885,21.444444444444443,RT00761,Istanbul,Ahmedabad,Istanbul → Ahmedabad
AP027,AP010,6,1378,449890.0,82.18302718302718,59.5,RT00762,Istanbul,Goa,Istanbul → Goa
AP027,AP011,4,910,342943.0,80.37296037296036,5.5,RT00763,Istanbul,Dubai,Istanbul → Dubai
AP027,AP012,5,921,451370.0,72.22246642246643,11.0,RT00764,Istanbul,Singapore,Istanbul → Singapore
AP027,AP014,5,1254,523865.0,74.81755281755281,8.0,RT00765,Istanbul,New York,Istanbul → New York
AP027,AP015,7,1520,536617.0,70.77937827937828,9.857142857142858,RT00766,Istanbul,Los Angeles,Istanbul → Los Angeles
AP027,AP016,7,1669,699022.0,79.12830412830412,33.42857142857143,RT00767,Istanbul,Doha,Istanbul → Doha
AP027,AP017,3,716,207426.0,78.07663940997274,22.2,RT00768,Istanbul,Frankfurt,Istanbul → Frankfurt
AP027,AP018,5,1237,630615.0,76.61989121989123,33.4,RT00769,Istanbul,Sydney,Istanbul → Sydney
AP027,AP019,8,1675,646417.0,77.7251156001156,26.875,RT00770,Istanbul,Melbourne,Istanbul → Melbourne
AP027,AP020,6,1331,459029.0,75.92968142968142,49.66666666666666,RT00771,Istanbul,Bangkok,Istanbul → Bangkok
AP027,AP021,6,1250,462491.0,79.51317984651318,9.833333333333334,RT00772,Istanbul,Kuala Lumpur,Istanbul → Kuala Lumpur
AP027,AP022,8,1765,779254.0,76.4227392977393,62.0,RT00773,Istanbul,Hong Kong,Istanbul → Hong Kong
AP027,AP023,6,1404,576739.0,71.06733915067248,15.5,RT00774,Istanbul,Tokyo,Istanbul → Tokyo
AP027,AP024,5,751,289627.0,60.36954156954157,58.6,RT00775,Istanbul,Paris,Istanbul → Paris
AP027,AP025,5,1211,466702.0,73.32834572834572,70.2,RT00776,Istanbul,Amsterdam,Istanbul → Amsterdam
AP027,AP026,3,544,181718.0,73.78321678321679,68.33333333333333,RT00777,Istanbul,Toronto,Istanbul → Toronto
AP027,AP028,8,1857,642450.0,77.12975912975914,25.625,RT00778,Istanbul,Abu Dhabi,Istanbul → Abu Dhabi
AP027,AP029,4,865,415152.0,80.46455396455397,5.0,RT00779,Istanbul,Cape Town,Istanbul → Cape Town
AP027,AP030,7,1414,388004.0,73.76334776334775,9.571428571428571,RT00780,Istanbul,Hahn,Istanbul → Hahn
AP028,AP001,12,2303,836901.0,77.91738358405026,19.166666666666668,RT00781,Abu Dhabi,Chennai,Abu Dhabi → Chennai
AP028,AP002,1,208,32656.0,94.54545454545456,8.0,RT00782,Abu Dhabi,Delhi,Abu Dhabi → Delhi
AP028,AP003,4,851,338557.0,74.29428904428904,35.75,RT00783,Abu Dhabi,Mumbai,Abu Dhabi → Mumbai
AP028,AP004,7,1544,273698.0,72.78801528801529,74.28571428571429,RT00784,Abu Dhabi,Bengaluru,Abu Dhabi → Bengaluru
AP028,AP005,8,1372,627572.0,69.02147914647915,45.125,RT00785,Abu Dhabi,Hyderabad,Abu Dhabi → Hyderabad
AP028,AP006,7,1268,592560.0,70.29636501065073,31.857142857142858,RT00786,Abu Dhabi,Kolkata,Abu Dhabi → Kolkata
AP028,AP007,4,1008,522834.0,81.12544362544362,19.25,RT00787,Abu Dhabi,Kochi,Abu Dhabi → Kochi
AP028,AP008,9,2166,707779.0,80.93716793716794,64.22222222222223,RT00788,Abu Dhabi,Pune,Abu Dhabi → Pune
AP028,AP009,6,1602,665295.0,81.1486468986469,22.2,RT00789,Abu Dhabi,Ahmedabad,Abu Dhabi → Ahmedabad
AP028,AP010,2,246,107256.0,37.84615384615385,8.5,RT00790,Abu Dhabi,Goa,Abu Dhabi → Goa
AP028,AP011,6,1209,470969.0,70.40990990990991,5.166666666666667,RT00791,Abu Dhabi,Dubai,Abu Dhabi → Dubai
AP028,AP012,4,962,293905.0,80.6737462987463,12.5,RT00792,Abu Dhabi,Singapore,Abu Dhabi → Singapore
AP028,AP013,7,1464,463905.0,68.75227025227025,7.714285714285714,RT00793,Abu Dhabi,London,Abu Dhabi → London
AP028,AP014,7,1186,424805.0,71.3927712499141,47.285714285714285,RT00794,Abu Dhabi,New York,Abu Dhabi → New York
AP028,AP015,7,1178,332143.0,76.24379324379323,39.42857142857143,RT00795,Abu Dhabi,Los Angeles,Abu Dhabi → Los Angeles
AP028,AP016,7,1110,389474.0,62.31691588834446,56.71428571428572,RT00796,Abu Dhabi,Doha,Abu Dhabi → Doha
AP028,AP017,4,615,216560.0,51.573232323232325,27.0,RT00797,Abu Dhabi,Frankfurt,Abu Dhabi → Frankfurt
AP028,AP018,5,789,297668.0,79.57190957190957,14.8,RT00798,Abu Dhabi,Sydney,Abu Dhabi → Sydney
AP028,AP019,12,2645,968450.0,78.99820020653354,51.16666666666666,RT00799,Abu Dhabi,Melbourne,Abu Dhabi → Melbourne
AP028,AP020,5,983,376876.0,78.99595959595959,7.0,RT00800,Abu Dhabi,Bangkok,Abu Dhabi → Bangkok
AP028,AP021,5,1194,417152.0,72.35789395789395,51.2,RT00801,Abu Dhabi,Kuala Lumpur,Abu Dhabi → Kuala Lumpur
AP028,AP022,4,821,237793.0,74.09391534391534,48.25,RT00802,Abu Dhabi,Hong Kong,Abu Dhabi → Hong Kong
AP028,AP023,10,1416,486199.0,70.22756132756133,14.0,RT00803,Abu Dhabi,Tokyo,Abu Dhabi → Tokyo
AP028,AP024,5,978,362499.0,79.35071595071595,64.6,RT00804,Abu Dhabi,Paris,Abu Dhabi → Paris
AP028,AP025,3,784,230429.0,77.10774410774411,9.666666666666666,RT00805,Abu Dhabi,Amsterdam,Abu Dhabi → Amsterdam
AP028,AP026,10,1916,522773.0,76.25228845228845,51.3,RT00806,Abu Dhabi,Toronto,Abu Dhabi → Toronto
AP028,AP027,9,2148,908513.0,75.8142023142023,21.11111111111111,RT00807,Abu Dhabi,Istanbul,Abu Dhabi → Istanbul
AP028,AP029,4,736,264874.0,65.8985633985634,11.75,RT00808,Abu Dhabi,Cape Town,Abu Dhabi → Cape Town
AP028,AP030,5,1224,381588.0,82.93295593295593,31.0,RT00809,Abu Dhabi,Hahn,Abu Dhabi → Hahn
AP029,AP001,5,686,291004.0,50.75699855699855,9.6,RT00810,Cape Town,Chennai,Cape Town → Chennai
AP029,AP002,5,1004,434170.0,64.85392385392386,5.6,RT00811,Cape Town,Delhi,Cape Town → Delhi
AP029,AP003,10,2144,692193.0,73.44053354053355,33.9,RT00812,Cape Town,Mumbai,Cape Town → Mumbai
AP029,AP004,1,297,103950.0,99.0,9.0,RT00813,Cape Town,Bengaluru,Cape Town → Bengaluru
AP029,AP005,4,740,350726.0,67.12667887667888,8.0,RT00814,Cape Town,Hyderabad,Cape Town → Hyderabad
AP029,AP006,10,2351,938595.0,77.56124246124246,28.3,RT00815,Cape Town,Kolkata,Cape Town → Kolkata
AP029,AP007,3,613,227381.0,69.07453990787324,9.333333333333334,RT00816,Cape Town,Kochi,Cape Town → Kochi
AP029,AP008,8,1577,746712.0,75.26988151988152,42.875,RT00817,Cape Town,Pune,Cape Town → Pune
AP029,AP009,6,1018,298136.0,63.44166327499661,17.333333333333332,RT00818,Cape Town,Ahmedabad,Cape Town → Ahmedabad
AP029,AP010,5,818,262547.0,67.3066748066748,18.6,RT00819,Cape Town,Goa,Cape Town → Goa
AP029,AP011,10,2087,729930.0,69.59078309078309,12.4,RT00820,Cape Town,Dubai,Cape Town → Dubai
AP029,AP012,9,1647,660511.0,74.79290257068035,30.22222222222222,RT00821,Cape Town,Singapore,Cape Town → Singapore
AP029,AP013,6,1324,482912.0,78.30195996862663,36.66666666666666,RT00822,Cape Town,London,Cape Town → London
AP029,AP014,5,607,259921.0,52.7896621896622,55.4,RT00823,Cape Town,New York,Cape Town → New York
AP029,AP015,11,2386,849930.0,72.2110537565083,15.818181818181818,RT00824,Cape Town,Los Angeles,Cape Town → Los Angeles
AP029,AP016,8,1286,428106.0,56.72222222222222,8.375,RT00825,Cape Town,Doha,Cape Town → Doha
AP029,AP017,9,1855,749715.0,79.81727231727231,30.666666666666668,RT00826,Cape Town,Frankfurt,Cape Town → Frankfurt
AP029,AP018,4,707,187899.0,70.37433862433862,50.25,RT00827,Cape Town,Sydney,Cape Town → Sydney
AP029,AP019,5,883,292116.0,60.02934102934103,27.4,RT00828,Cape Town,Melbourne,Cape Town → Melbourne
AP029,AP020,9,1884,780466.0,75.57585774252442,13.77777777777778,RT00829,Cape Town,Bangkok,Cape Town → Bangkok
AP029,AP021,8,1911,710512.0,85.92007985757985,42.5,RT00830,Cape Town,Kuala Lumpur,Cape Town → Kuala Lumpur
AP029,AP022,5,1134,333885.0,80.50447150447151,45.2,RT00831,Cape Town,Hong Kong,Cape Town → Hong Kong
AP029,AP023,3,882,271561.0,87.02718102718103,10.0,RT00832,Cape Town,Tokyo,Cape Town → Tokyo
AP029,AP024,11,2398,744939.0,76.85219285219286,31.818181818181817,RT00833,Cape Town,Paris,Cape Town → Paris
AP029,AP025,3,722,322385.0,69.996632996633,6.0,RT00834,Cape Town,Amsterdam,Cape Town → Amsterdam
AP029,AP026,7,1880,730734.0,79.4053724053724,35.42857142857143,RT00835,Cape Town,Toronto,Cape Town → Toronto
AP029,AP027,5,1419,333944.0,86.9858585858586,36.0,RT00836,Cape Town,Istanbul,Cape Town → Istanbul
AP029,AP028,3,627,351037.0,67.15047915047914,8.0,RT00837,Cape Town,Abu Dhabi,Cape Town → Abu Dhabi
AP029,AP030,5,957,281250.0,74.02057162057162,5.0,RT00838,Cape Town,Hahn,Cape Town → Hahn
AP030,AP001,8,1580,570510.0,69.25698375698376,30.625,RT00839,Hahn,Chennai,Hahn → Chennai
AP030,AP002,5,986,395188.0,69.58754068754068,37.8,RT00840,Hahn,Delhi,Hahn → Delhi
AP030,AP003,6,1224,308515.0,71.0397127897128,20.0,RT00841,Hahn,Mumbai,Hahn → Mumbai
AP030,AP004,5,1394,388755.0,87.42004662004662,22.8,RT00842,Hahn,Bengaluru,Hahn → Bengaluru
AP030,AP005,7,903,312950.0,56.57956857956858,19.571428571428573,RT00843,Hahn,Hyderabad,Hahn → Hyderabad
AP030,AP006,6,1227,314902.0,60.62457912457912,26.5,RT00844,Hahn,Kolkata,Hahn → Kolkata
AP030,AP007,9,1770,537118.0,68.43539693539694,14.88888888888889,RT00845,Hahn,Kochi,Hahn → Kochi
AP030,AP008,7,1602,442814.0,82.22312279455137,7.285714285714286,RT00846,Hahn,Pune,Hahn → Pune
AP030,AP009,7,1769,449621.0,77.41813741813742,11.142857142857142,RT00847,Hahn,Ahmedabad,Hahn → Ahmedabad
AP030,AP010,5,681,192375.0,56.30964590964591,13.8,RT00848,Hahn,Goa,Hahn → Goa
AP030,AP011,4,654,163031.0,66.81547619047619,5.5,RT00849,Hahn,Dubai,Hahn → Dubai
AP030,AP012,8,1624,384960.0,71.44639350889351,22.0,RT00850,Hahn,Singapore,Hahn → Singapore
AP030,AP013,1,200,103000.0,66.66666666666666,11.0,RT00851,Hahn,London,Hahn → London
AP030,AP014,10,2050,760455.0,75.906364006364,38.7,RT00852,Hahn,New York,Hahn → New York
AP030,AP015,7,1640,729789.0,84.45207173778601,48.285714285714285,RT00853,Hahn,Los Angeles,Hahn → Los Angeles
AP030,AP016,6,1003,318889.0,68.73766082099415,24.33333333333333,RT00854,Hahn,Doha,Hahn → Doha
AP030,AP017,5,930,402224.0,71.74757094757095,17.0,RT00855,Hahn,Frankfurt,Hahn → Frankfurt
AP030,AP018,7,1710,571998.0,79.44117444117444,4.857142857142857,RT00856,Hahn,Sydney,Hahn → Sydney
AP030,AP019,2,350,180038.0,66.75757575757576,76.0,RT00857,Hahn,Melbourne,Hahn → Melbourne
AP030,AP020,7,1397,518321.0,78.23139465996609,14.0,RT00858,Hahn,Bangkok,Hahn → Bangkok
AP030,AP021,6,1317,445093.0,74.81755281755281,11.5,RT00859,Hahn,Kuala Lumpur,Hahn → Kuala Lumpur
AP030,AP022,2,463,56599.0,77.66666666666666,70.5,RT00860,Hahn,Hong Kong,Hahn → Hong Kong
AP030,AP023,3,731,355812.0,72.48174048174049,7.666666666666667,RT00861,Hahn,Tokyo,Hahn → Tokyo
AP030,AP024,4,947,383470.0,83.53690753690753,14.5,RT00862,Hahn,Paris,Hahn → Paris
AP030,AP025,8,1468,564234.0,71.96636327886328,6.75,RT00863,Hahn,Amsterdam,Hahn → Amsterdam
AP030,AP026,2,429,124093.0,84.48710073710075,105.0,RT00864,Hahn,Toronto,Hahn → Toronto
AP030,AP027,9,1998,714380.0,80.23496879052435,26.88888888888889,RT00865,Hahn,Istanbul,Hahn → Istanbul
AP030,AP028,11,2365,898095.0,77.80686194322558,12.909090909090908,RT00866,Hahn,Abu Dhabi,Hahn → Abu Dhabi
AP030,AP029,3,524,114107.0,72.53198653198653,4.333333333333333,RT00867,Hahn,Cape Town,Hahn → Cape Town
