Staff_ID,Staff_Name,Role,Department,Experience_Years,Salary_USD,Base_Airport_ID,Employment_Status
ST0001,Ananya Thomas,Cabin Crew,Ground Operations,1,112294,AP008,Active
ST0002,Sneha Brown,Cabin Crew,Customer Support,17,99957,AP008,Active
ST0003,Arjun Joseph,Security,Customer Support,19,76035,AP015,On Leave
ST0004,Rohan Reddy,Maintenance,Security,16,30662,AP012,Active
ST0005,Nisha Singh,Pilot,Flight Operations,15,123352,AP011,On Leave
ST0006,Aarav Patel,Security,Cabin Services,3,105704,AP016,Active
ST0007,Nisha Patel,Pilot,Engineering,8,49446,AP011,Active
ST0008,Vikram Wilson,Maintenance,Customer Support,21,102832,AP012,Active
ST0009,Sneha Nair,Operations,Cabin Services,7,39889,AP022,Active
ST0010,Noah Smith,Maintenance,Management,15,65065,AP025,Active
ST0011,Meera Iyer,Cabin Crew,Customer Support,16,28115,AP023,Active
ST0012,Olivia Wilson,Pilot,Engineering,15,54779,AP022,Training
ST0013,Karan Kumar,Ground Staff,Cabin Services,1,59583,AP006,Active
ST0014,Daniel Smith,Ground Staff,Ground Operations,19,38655,AP027,Training
ST0015,Rahul Reddy,Ground Staff,Flight Operations,8,77155,AP008,Active
ST0016,Daniel Thomas,Ground Staff,Cabin Services,13,74093,AP015,Active
ST0017,Karan Iyer,Pilot,Flight Operations,20,72530,AP017,Active
ST0018,Diya Gupta,Operations,Security,23,61104,AP026,On Leave
ST0019,Meera Iyer,Cabin Crew,Cabin Services,12,123724,AP003,Active
ST0020,Aisha Thomas,Customer Service,Security,19,99158,AP015,Active
ST0021,Daniel Joseph,Maintenance,Flight Operations,19,42806,AP030,Training
ST0022,Emma Patel,Co-Pilot,Cabin Services,14,86575,AP002,Active
ST0023,Vikram Kumar,Security,Management,12,111826,AP020,Active
ST0024,Diya Reddy,Pilot,Ground Operations,20,67195,AP026,Active
ST0025,Daniel Wilson,Cabin Crew,Engineering,14,32310,AP003,Active
ST0026,Nisha Nair,Cabin Crew,Cabin Services,6,95618,AP004,Active
ST0027,Daniel Singh,Security,Flight Operations,14,22677,AP003,On Leave
ST0028,Meera Sharma,Maintenance,Cabin Services,11,43513,AP030,Active
ST0029,Emma Wilson,Maintenance,Ground Operations,18,76383,AP002,Active
ST0030,Diya Joseph,Maintenance,Engineering,1,49332,AP013,On Leave
ST0031,Isha Smith,Ground Staff,Security,22,87492,AP028,Active
ST0032,Rahul Martin,Maintenance,Cabin Services,22,122728,AP006,Active
ST0033,Sneha Smith,Customer Service,Ground Operations,18,40645,AP027,Active
ST0034,Aisha Gupta,Maintenance,Flight Operations,17,52675,AP003,Active
ST0035,Meera Singh,Pilot,Engineering,24,100115,AP003,Active
ST0036,Vikram Singh,Ground Staff,Engineering,21,87211,AP023,Active
ST0037,Meera Reddy,Ground Staff,Engineering,1,116819,AP006,Active
ST0038,Isha Nair,Ground Staff,Customer Support,11,60688,AP027,Active
ST0039,Karan Nair,Cabin Crew,Management,22,118769,AP027,Active
ST0040,Meera Brown,Operations,Ground Operations,1,104608,AP024,Active
ST0041,Ananya Sharma,Ground Staff,Engineering,25,34783,AP019,Active
ST0042,Rohan Reddy,Customer Service,Cabin Services,19,81502,AP024,Active
ST0043,Rahul Brown,Pilot,Cabin Services,1,70391,AP021,Active
ST0044,Aarav Iyer,Pilot,Security,12,122113,AP014,Active
ST0045,Karan Brown,Cabin Crew,Management,11,44664,AP023,Active
ST0046,Karan Smith,Operations,Engineering,8,85180,AP013,Active
ST0047,Nisha Thomas,Pilot,Cabin Services,5,106615,AP005,On Leave
ST0048,Emma Iyer,Operations,Customer Support,13,24182,AP028,On Leave
ST0049,Nisha Taylor,Operations,Flight Operations,18,96961,AP013,Active
ST0050,Aarav Taylor,Operations,Cabin Services,6,48267,AP023,Active
ST0051,Daniel Singh,Maintenance,Flight Operations,17,28023,AP017,Active
ST0052,Noah Reddy,Operations,Management,8,50025,AP009,Active
ST0053,Emma Iyer,Co-Pilot,Cabin Services,24,129601,AP026,Active
ST0054,Karan Joseph,Pilot,Ground Operations,3,48022,AP002,Active
ST0055,Arjun Nair,Co-Pilot,Security,24,54851,AP027,Active
ST0056,Vikram Gupta,Security,Flight Operations,11,99180,AP027,Active
ST0057,Arjun Wilson,Ground Staff,Flight Operations,9,54775,AP009,Active
ST0058,Nisha Patel,Pilot,Engineering,13,121636,AP028,On Leave
ST0059,Nisha Singh,Security,Ground Operations,1,115203,AP018,Active
ST0060,Nisha Brown,Maintenance,Security,10,32481,AP010,Active
ST0061,Daniel Kumar,Ground Staff,Security,6,22780,AP012,Active
ST0062,Arjun Smith,Maintenance,Security,13,41795,AP001,Active
ST0063,Vikram Singh,Operations,Cabin Services,17,59619,AP023,Active
ST0064,Karan Martin,Ground Staff,Ground Operations,2,76983,AP017,Active
ST0065,Olivia Sharma,Ground Staff,Security,22,113232,AP005,Active
ST0066,Karan Thomas,Pilot,Management,20,84111,AP003,Active
ST0067,Ananya Taylor,Co-Pilot,Ground Operations,17,27923,AP015,Active
ST0068,Aisha Brown,Pilot,Ground Operations,18,112323,AP001,Active
ST0069,Vikram Taylor,Co-Pilot,Ground Operations,12,40935,AP025,Active
ST0070,Ananya Gupta,Maintenance,Engineering,5,90171,AP006,Active
ST0071,Aditya Joseph,Pilot,Customer Support,15,95894,AP010,Active
ST0072,Aisha Martin,Cabin Crew,Customer Support,1,99846,AP013,Active
ST0073,Rohan Patel,Co-Pilot,Customer Support,22,79909,AP007,Active
ST0074,Aditya Thomas,Cabin Crew,Engineering,8,121296,AP030,Active
ST0075,Noah Joseph,Security,Cabin Services,13,73773,AP008,Active
ST0076,Priya Patel,Pilot,Management,5,62024,AP008,Active
ST0077,Sneha Joseph,Maintenance,Management,3,122047,AP013,Active
ST0078,Meera Thomas,Maintenance,Ground Operations,12,49057,AP026,Training
ST0079,Olivia Taylor,Maintenance,Management,5,62798,AP014,Active
ST0080,Sneha Wilson,Security,Engineering,18,85198,AP016,Active
ST0081,Vikram Smith,Pilot,Ground Operations,25,95252,AP023,Active
ST0082,Noah Taylor,Security,Security,7,73603,AP008,Active
ST0083,Noah Singh,Cabin Crew,Engineering,9,94568,AP028,Active
ST0084,Aisha Thomas,Ground Staff,Management,19,106704,AP022,Active
ST0085,Isha Singh,Co-Pilot,Customer Support,8,89895,AP004,Active
ST0086,Priya Singh,Ground Staff,Engineering,16,60340,AP022,Active
ST0087,Olivia Nair,Operations,Customer Support,8,79812,AP018,Active
ST0088,Emma Smith,Security,Management,16,100074,AP017,Active
ST0089,Vikram Sharma,Customer Service,Cabin Services,2,74364,AP015,Active
ST0090,Aditya Kumar,Customer Service,Customer Support,25,121187,AP004,Active
ST0091,Ananya Brown,Co-Pilot,Cabin Services,22,29286,AP022,Active
ST0092,Aditya Singh,Co-Pilot,Cabin Services,21,126915,AP008,Active
ST0093,Daniel Taylor,Ground Staff,Customer Support,1,111620,AP019,Active
ST0094,Rahul Taylor,Maintenance,Customer Support,18,82553,AP026,Active
ST0095,Aisha Iyer,Ground Staff,Customer Support,10,102685,AP003,Active
ST0096,Priya Reddy,Ground Staff,Customer Support,14,34990,AP008,Active
ST0097,Vikram Smith,Maintenance,Ground Operations,1,35548,AP003,Active
ST0098,Aisha Brown,Co-Pilot,Engineering,13,94598,AP025,Active
ST0099,Aditya Smith,Operations,Management,13,60698,AP005,Active
ST0100,Ananya Wilson,Security,Flight Operations,1,68393,AP008,Active
ST0101,Aditya Gupta,Customer Service,Management,3,56349,AP006,Active
ST0102,Aarav Brown,Co-Pilot,Security,17,40056,AP001,Active
ST0103,Arjun Joseph,Customer Service,Flight Operations,10,69467,AP030,Active
ST0104,Priya Gupta,Pilot,Engineering,2,31353,AP007,Active
ST0105,Rohan Singh,Co-Pilot,Flight Operations,24,50938,AP021,Active
ST0106,Meera Singh,Pilot,Cabin Services,14,86356,AP001,Active
ST0107,Diya Sharma,Operations,Cabin Services,18,55419,AP018,Active
ST0108,Isha Nair,Pilot,Engineering,10,119804,AP017,Active
ST0109,Emma Patel,Operations,Management,6,25922,AP026,Active
ST0110,Daniel Martin,Operations,Security,19,48613,AP015,Active
ST0111,Aisha Joseph,Pilot,Management,18,23055,AP012,Active
ST0112,Aisha Martin,Co-Pilot,Customer Support,15,69354,AP014,Training
ST0113,Diya Iyer,Ground Staff,Flight Operations,16,51348,AP023,On Leave
ST0114,Karan Kumar,Co-Pilot,Security,6,51643,AP002,Active
ST0115,Nisha Taylor,Pilot,Flight Operations,16,69812,AP028,Active
ST0116,Kabir Singh,Cabin Crew,Customer Support,2,56519,AP003,Active
ST0117,Sneha Nair,Co-Pilot,Flight Operations,14,52479,AP003,Active
ST0118,Isha Patel,Co-Pilot,Engineering,16,121319,AP026,Active
ST0119,Emma Wilson,Cabin Crew,Management,22,88826,AP029,Active
ST0120,Karan Nair,Ground Staff,Security,13,28379,AP003,Active
ST0121,Vikram Wilson,Maintenance,Engineering,12,67942,AP011,Active
ST0122,Nisha Sharma,Customer Service,Cabin Services,14,64676,AP019,Active
ST0123,Meera Kumar,Operations,Management,21,76646,AP030,Active
ST0124,Vikram Singh,Pilot,Customer Support,7,34576,AP023,Training
ST0125,Aarav Wilson,Maintenance,Customer Support,4,88741,AP011,Active
ST0126,Priya Taylor,Pilot,Engineering,4,125579,AP029,On Leave
ST0127,Olivia Reddy,Co-Pilot,Cabin Services,7,117697,AP027,Active
ST0128,Ananya Reddy,Co-Pilot,Security,6,128988,AP002,Active
ST0129,Rahul Joseph,Ground Staff,Engineering,11,40061,AP029,Active
ST0130,Vikram Gupta,Security,Flight Operations,24,33606,AP012,On Leave
ST0131,Karan Taylor,Customer Service,Customer Support,10,35302,AP015,Active
ST0132,Emma Nair,Pilot,Engineering,23,94178,AP013,Active
ST0133,Rohan Brown,Operations,Customer Support,19,68305,AP021,Active
ST0134,Priya Smith,Pilot,Customer Support,25,77176,AP016,Active
ST0135,Isha Brown,Operations,Management,25,49737,AP014,Active
ST0136,Arjun Martin,Cabin Crew,Cabin Services,24,88631,AP014,Active
ST0137,Ananya Kumar,Security,Management,10,65019,AP008,Active
ST0138,Rahul Singh,Customer Service,Security,13,99736,AP014,Active
ST0139,Rahul Thomas,Ground Staff,Cabin Services,2,66241,AP013,Active
ST0140,Vikram Brown,Customer Service,Ground Operations,23,115238,AP008,Active
ST0141,Daniel Gupta,Pilot,Customer Support,15,78291,AP025,Active
ST0142,Ananya Taylor,Security,Cabin Services,17,59310,AP025,Active
ST0143,Aisha Joseph,Maintenance,Cabin Services,7,62617,AP019,Active
ST0144,Rahul Martin,Maintenance,Customer Support,20,121916,AP030,Active
ST0145,Aarav Gupta,Customer Service,Ground Operations,24,124297,AP028,Active
ST0146,Arjun Martin,Pilot,Cabin Services,17,54357,AP022,Active
ST0147,Aarav Kumar,Cabin Crew,Flight Operations,19,89498,AP006,Active
ST0148,Rahul Gupta,Pilot,Flight Operations,21,31987,AP018,Active
ST0149,Rahul Nair,Customer Service,Security,9,54046,AP015,Active
ST0150,Ananya Martin,Pilot,Management,25,68340,AP018,Active
ST0151,Noah Sharma,Pilot,Flight Operations,1,107357,AP029,Active
ST0152,Aisha Smith,Operations,Flight Operations,10,122972,AP016,Active
ST0153,Meera Wilson,Pilot,Customer Support,20,113802,AP026,Active
ST0154,Kabir Brown,Maintenance,Customer Support,19,112323,AP029,Active
ST0155,Rahul Martin,Maintenance,Customer Support,8,128062,AP008,Active
ST0156,Sneha Sharma,Operations,Engineering,12,80049,AP006,Active
ST0157,Meera Brown,Operations,Customer Support,7,52667,AP008,Active
ST0158,Diya Martin,Ground Staff,Cabin Services,14,63126,AP026,Active
ST0159,Aditya Smith,Security,Management,9,110835,AP030,Active
ST0160,Kabir Brown,Security,Flight Operations,16,42483,AP021,Active
ST0161,Vikram Reddy,Maintenance,Flight Operations,4,30217,AP019,Active
ST0162,Aisha Sharma,Pilot,Engineering,20,91011,AP026,Active
ST0163,Olivia Taylor,Co-Pilot,Security,3,110764,AP006,Active
ST0164,Aditya Martin,Pilot,Customer Support,19,66035,AP004,Active
ST0165,Daniel Wilson,Ground Staff,Cabin Services,16,115993,AP010,Training
ST0166,Rahul Kumar,Pilot,Cabin Services,9,40866,AP030,Active
ST0167,Aditya Sharma,Operations,Customer Support,15,121765,AP027,Active
ST0168,Arjun Singh,Co-Pilot,Ground Operations,12,67104,AP027,Active
ST0169,Nisha Gupta,Co-Pilot,Engineering,7,69342,AP012,Active
ST0170,Emma Nair,Customer Service,Engineering,2,54800,AP001,Active
ST0171,Daniel Singh,Cabin Crew,Cabin Services,5,80081,AP003,Training
ST0172,Olivia Brown,Customer Service,Engineering,21,86237,AP001,Training
ST0173,Daniel Reddy,Cabin Crew,Customer Support,9,92096,AP022,Active
ST0174,Rohan Brown,Maintenance,Engineering,14,48843,AP011,Active
ST0175,Ananya Taylor,Customer Service,Cabin Services,16,65269,AP024,Active
ST0176,Isha Sharma,Ground Staff,Management,7,102243,AP021,Active
ST0177,Karan Brown,Ground Staff,Management,13,26376,AP030,Active
ST0178,Daniel Wilson,Maintenance,Engineering,15,39314,AP028,Active
ST0179,Kabir Gupta,Maintenance,Security,7,104450,AP014,Active
ST0180,Kabir Reddy,Ground Staff,Security,8,45245,AP019,Active
ST0181,Kabir Thomas,Cabin Crew,Flight Operations,10,102687,AP008,Active
ST0182,Ananya Nair,Customer Service,Engineering,1,116045,AP013,Active
ST0183,Sneha Brown,Maintenance,Flight Operations,17,79858,AP028,Active
ST0184,Vikram Kumar,Co-Pilot,Management,3,128667,AP018,Active
ST0185,Olivia Gupta,Security,Flight Operations,10,72674,AP006,Active
ST0186,Aarav Kumar,Security,Engineering,14,41026,AP003,Active
ST0187,Ananya Gupta,Co-Pilot,Cabin Services,12,37484,AP002,Active
ST0188,Aarav Nair,Cabin Crew,Management,18,49056,AP023,Active
ST0189,Diya Patel,Customer Service,Ground Operations,7,125510,AP015,Active
ST0190,Arjun Brown,Customer Service,Management,4,64246,AP029,Active
ST0191,Aisha Reddy,Customer Service,Cabin Services,24,106723,AP011,Active
ST0192,Rohan Brown,Maintenance,Engineering,13,42909,AP025,Active
ST0193,Isha Gupta,Security,Engineering,10,108026,AP016,Active
ST0194,Nisha Kumar,Ground Staff,Ground Operations,17,86561,AP004,Active
ST0195,Arjun Wilson,Customer Service,Flight Operations,13,78144,AP008,Active
ST0196,Sneha Sharma,Pilot,Engineering,23,73750,AP017,Active
ST0197,Sneha Thomas,Pilot,Engineering,18,82458,AP027,Active
ST0198,Daniel Gupta,Customer Service,Customer Support,7,127211,AP030,Active
ST0199,Vikram Taylor,Ground Staff,Management,9,61568,AP016,On Leave
ST0200,Kabir Kumar,Ground Staff,Ground Operations,8,28501,AP013,Active
ST0201,Noah Wilson,Customer Service,Management,14,70029,AP001,Active
ST0202,Olivia Thomas,Customer Service,Ground Operations,10,22944,AP021,Active
ST0203,Priya Martin,Pilot,Cabin Services,4,100486,AP025,Active
ST0204,Arjun Gupta,Operations,Flight Operations,21,120812,AP005,Active
ST0205,Meera Patel,Maintenance,Cabin Services,24,67714,AP021,Active
ST0206,Olivia Iyer,Cabin Crew,Flight Operations,18,108987,AP001,Active
ST0207,Aarav Patel,Operations,Security,25,59548,AP025,Active
ST0208,Ananya Joseph,Pilot,Engineering,20,51971,AP006,Active
ST0209,Ananya Brown,Pilot,Security,2,123550,AP008,Active
ST0210,Kabir Reddy,Security,Management,9,29869,AP008,Active
ST0211,Nisha Kumar,Maintenance,Management,9,128204,AP002,Active
ST0212,Ananya Gupta,Customer Service,Management,14,127911,AP018,Active
ST0213,Meera Martin,Pilot,Engineering,21,66161,AP005,Active
ST0214,Sneha Joseph,Ground Staff,Customer Support,15,41583,AP016,Active
ST0215,Sneha Singh,Operations,Customer Support,4,40473,AP026,Active
ST0216,Emma Kumar,Pilot,Management,3,84780,AP002,Active
ST0217,Nisha Gupta,Ground Staff,Flight Operations,13,58390,AP005,Active
ST0218,Sneha Sharma,Pilot,Management,22,60483,AP002,Active
ST0219,Arjun Singh,Security,Customer Support,11,41182,AP022,Training
ST0220,Rahul Iyer,Cabin Crew,Customer Support,10,100533,AP014,Active
ST0221,Karan Patel,Customer Service,Engineering,12,28165,AP021,Active
ST0222,Daniel Singh,Cabin Crew,Customer Support,17,70354,AP021,Active
ST0223,Ananya Thomas,Operations,Flight Operations,11,22774,AP026,Active
ST0224,Priya Smith,Co-Pilot,Security,9,70950,AP024,Active
ST0225,Sneha Iyer,Operations,Management,3,30637,AP021,Active
ST0226,Karan Iyer,Ground Staff,Ground Operations,8,123314,AP014,Active
ST0227,Sneha Joseph,Ground Staff,Flight Operations,7,70859,AP009,Active
ST0228,Kabir Gupta,Customer Service,Flight Operations,8,95814,AP019,Training
ST0229,Olivia Patel,Pilot,Customer Support,1,113353,AP024,Active
ST0230,Aisha Gupta,Customer Service,Engineering,11,119749,AP005,Active
ST0231,Aisha Smith,Pilot,Flight Operations,13,65918,AP023,Active
ST0232,Isha Smith,Maintenance,Engineering,9,23516,AP006,Active
ST0233,Rahul Iyer,Co-Pilot,Flight Operations,4,65639,AP017,Active
ST0234,Aisha Kumar,Cabin Crew,Engineering,20,65049,AP024,Active
ST0235,Noah Patel,Co-Pilot,Engineering,1,79964,AP021,Active
ST0236,Emma Gupta,Maintenance,Cabin Services,8,99390,AP005,Active
ST0237,Arjun Taylor,Security,Management,14,121175,AP022,Active
ST0238,Olivia Joseph,Ground Staff,Customer Support,5,55177,AP017,Active
ST0239,Priya Singh,Cabin Crew,Cabin Services,21,120907,AP025,Active
ST0240,Ananya Kumar,Co-Pilot,Customer Support,21,36106,AP015,Active
ST0241,Karan Taylor,Security,Management,2,124622,AP011,Active
ST0242,Nisha Singh,Maintenance,Customer Support,10,91019,AP022,Training
ST0243,Isha Brown,Cabin Crew,Engineering,16,100753,AP020,Active
ST0244,Aisha Wilson,Co-Pilot,Ground Operations,3,63254,AP022,Active
ST0245,Rohan Nair,Co-Pilot,Flight Operations,11,31167,AP005,Active
ST0246,Meera Kumar,Security,Ground Operations,2,22303,AP008,Active
ST0247,Vikram Nair,Security,Flight Operations,11,104014,AP028,On Leave
ST0248,Aisha Iyer,Ground Staff,Ground Operations,7,123392,AP005,Active
ST0249,Isha Joseph,Maintenance,Cabin Services,18,127314,AP008,Active
ST0250,Meera Kumar,Pilot,Security,11,116961,AP006,Active
ST0251,Aarav Patel,Operations,Customer Support,9,63883,AP024,Active
ST0252,Daniel Nair,Security,Management,12,37203,AP024,Active
ST0253,Olivia Thomas,Maintenance,Flight Operations,24,87068,AP006,On Leave
ST0254,Kabir Martin,Pilot,Cabin Services,1,68380,AP021,Active
ST0255,Isha Singh,Maintenance,Cabin Services,7,64362,AP017,Active
ST0256,Nisha Martin,Cabin Crew,Ground Operations,5,67645,AP007,Active
ST0257,Sneha Martin,Security,Customer Support,8,98457,AP006,Active
ST0258,Arjun Sharma,Maintenance,Customer Support,14,57409,AP013,Active
ST0259,Daniel Martin,Customer Service,Ground Operations,7,114374,AP022,On Leave
ST0260,Aisha Gupta,Security,Ground Operations,15,33072,AP011,Active
ST0261,Aarav Joseph,Security,Engineering,23,86998,AP027,Active
ST0262,Rahul Taylor,Cabin Crew,Flight Operations,18,23121,AP019,Active
ST0263,Diya Martin,Ground Staff,Flight Operations,5,100501,AP009,Active
ST0264,Rahul Singh,Operations,Customer Support,15,104426,AP013,On Leave
ST0265,Karan Smith,Customer Service,Cabin Services,1,110488,AP004,Training
ST0266,Rohan Sharma,Co-Pilot,Customer Support,4,79473,AP017,Active
ST0267,Vikram Smith,Ground Staff,Security,20,107481,AP027,Active
ST0268,Vikram Iyer,Cabin Crew,Customer Support,17,25854,AP025,Active
ST0269,Ananya Thomas,Pilot,Security,14,123526,AP006,Active
ST0270,Aarav Gupta,Pilot,Cabin Services,4,79457,AP022,Active
ST0271,Rahul Sharma,Customer Service,Flight Operations,3,28895,AP007,Active
ST0272,Aarav Singh,Pilot,Customer Support,6,89070,AP026,Active
ST0273,Sneha Thomas,Security,Management,3,66345,AP008,Active
ST0274,Meera Singh,Customer Service,Cabin Services,20,110666,AP030,Active
ST0275,Aarav Nair,Co-Pilot,Engineering,21,60057,AP024,Active
ST0276,Vikram Nair,Maintenance,Ground Operations,2,30368,AP018,Active
ST0277,Noah Sharma,Cabin Crew,Customer Support,1,49212,AP027,Training
ST0278,Priya Singh,Pilot,Customer Support,10,79624,AP011,Training
ST0279,Aarav Smith,Operations,Engineering,25,125098,AP006,Active
ST0280,Rohan Taylor,Customer Service,Security,11,129787,AP016,Active
ST0281,Ananya Smith,Maintenance,Flight Operations,8,48193,AP005,Active
ST0282,Arjun Joseph,Pilot,Ground Operations,7,91947,AP017,Active
ST0283,Aditya Reddy,Maintenance,Management,8,113817,AP004,Active
ST0284,Aarav Thomas,Pilot,Management,20,95165,AP025,Active
ST0285,Rohan Smith,Customer Service,Flight Operations,15,45340,AP007,Active
ST0286,Meera Thomas,Customer Service,Engineering,24,96531,AP003,Active
ST0287,Nisha Reddy,Operations,Customer Support,4,44121,AP026,Active
ST0288,Sneha Gupta,Co-Pilot,Ground Operations,14,44201,AP020,Active
ST0289,Arjun Martin,Cabin Crew,Ground Operations,24,80211,AP020,Active
ST0290,Noah Smith,Cabin Crew,Engineering,9,82112,AP002,Active
ST0291,Sneha Joseph,Ground Staff,Cabin Services,18,61058,AP019,Active
ST0292,Noah Singh,Customer Service,Cabin Services,21,60486,AP007,Active
ST0293,Arjun Reddy,Maintenance,Engineering,23,52013,AP028,Active
ST0294,Nisha Wilson,Co-Pilot,Management,4,102457,AP022,On Leave
ST0295,Olivia Smith,Pilot,Flight Operations,3,128099,AP025,Active
ST0296,Karan Reddy,Pilot,Flight Operations,9,38768,AP016,Active
ST0297,Arjun Thomas,Security,Ground Operations,3,87690,AP014,On Leave
ST0298,Ananya Brown,Security,Security,24,118835,AP018,Active
ST0299,Aarav Wilson,Cabin Crew,Ground Operations,4,66008,AP001,Active
ST0300,Sneha Smith,Customer Service,Ground Operations,24,118114,AP003,Active
ST0301,Sneha Reddy,Pilot,Customer Support,13,104781,AP030,On Leave
ST0302,Priya Martin,Pilot,Cabin Services,22,26071,AP018,Active
ST0303,Meera Taylor,Cabin Crew,Engineering,5,113306,AP026,Active
ST0304,Ananya Smith,Co-Pilot,Security,10,58932,AP024,Active
ST0305,Kabir Gupta,Security,Ground Operations,19,42183,AP026,Training
ST0306,Meera Taylor,Cabin Crew,Engineering,13,35753,AP008,Active
ST0307,Kabir Gupta,Operations,Management,7,75099,AP003,Active
ST0308,Aditya Wilson,Security,Security,6,123374,AP012,Active
ST0309,Rohan Iyer,Cabin Crew,Management,7,109421,AP006,Active
ST0310,Olivia Joseph,Maintenance,Ground Operations,6,47179,AP030,Active
ST0311,Aisha Sharma,Co-Pilot,Security,11,75330,AP030,Active
ST0312,Aisha Iyer,Customer Service,Ground Operations,5,34661,AP003,Active
ST0313,Isha Sharma,Operations,Customer Support,6,91540,AP013,Active
ST0314,Emma Taylor,Pilot,Flight Operations,4,31509,AP013,Active
ST0315,Nisha Taylor,Co-Pilot,Ground Operations,15,25054,AP007,Active
ST0316,Kabir Patel,Cabin Crew,Management,17,83820,AP023,Active
ST0317,Aarav Taylor,Operations,Ground Operations,7,41363,AP004,Active
ST0318,Diya Wilson,Co-Pilot,Flight Operations,19,22108,AP001,Active
ST0319,Aarav Patel,Cabin Crew,Ground Operations,6,25391,AP028,On Leave
ST0320,Meera Gupta,Maintenance,Customer Support,25,96853,AP030,Active
ST0321,Ananya Iyer,Cabin Crew,Ground Operations,24,92489,AP005,Active
ST0322,Aisha Singh,Security,Cabin Services,22,32446,AP016,Active
ST0323,Noah Brown,Ground Staff,Flight Operations,10,62243,AP003,Active
ST0324,Emma Wilson,Maintenance,Management,7,42236,AP022,Active
ST0325,Karan Smith,Co-Pilot,Security,3,30518,AP001,Training
ST0326,Arjun Brown,Maintenance,Security,3,101034,AP006,Active
ST0327,Noah Iyer,Customer Service,Cabin Services,7,52326,AP024,Active
ST0328,Sneha Brown,Security,Engineering,8,123423,AP011,Training
ST0329,Karan Brown,Operations,Flight Operations,6,67250,AP006,Active
ST0330,Sneha Iyer,Ground Staff,Customer Support,25,84292,AP013,Active
ST0331,Meera Nair,Ground Staff,Cabin Services,25,123505,AP020,Active
ST0332,Aditya Wilson,Pilot,Management,19,50180,AP024,Active
ST0333,Nisha Gupta,Maintenance,Ground Operations,10,129511,AP010,Active
ST0334,Emma Taylor,Ground Staff,Engineering,8,116533,AP024,Active
ST0335,Rahul Kumar,Cabin Crew,Management,23,109238,AP029,Active
ST0336,Emma Reddy,Cabin Crew,Customer Support,11,69209,AP029,Active
ST0337,Olivia Taylor,Pilot,Flight Operations,16,127860,AP020,Active
ST0338,Arjun Brown,Cabin Crew,Security,14,64062,AP027,Active
ST0339,Emma Martin,Cabin Crew,Ground Operations,16,54131,AP026,Active
ST0340,Karan Wilson,Co-Pilot,Customer Support,17,66497,AP027,Active
ST0341,Diya Reddy,Customer Service,Cabin Services,18,113908,AP012,Active
ST0342,Arjun Wilson,Co-Pilot,Cabin Services,2,99744,AP026,Active
ST0343,Aarav Gupta,Co-Pilot,Customer Support,24,71108,AP021,Active
ST0344,Arjun Singh,Co-Pilot,Security,17,84486,AP015,Active
ST0345,Karan Kumar,Co-Pilot,Engineering,4,27437,AP030,Training
ST0346,Priya Taylor,Co-Pilot,Cabin Services,23,32194,AP020,Active
ST0347,Aisha Iyer,Co-Pilot,Engineering,4,67465,AP028,Active
ST0348,Kabir Gupta,Customer Service,Cabin Services,3,26776,AP018,Active
ST0349,Aditya Singh,Cabin Crew,Ground Operations,11,104501,AP015,Active
ST0350,Meera Thomas,Customer Service,Cabin Services,10,113186,AP012,Training
ST0351,Aarav Brown,Pilot,Cabin Services,2,59548,AP022,Active
ST0352,Aditya Reddy,Security,Engineering,11,40198,AP010,Active
ST0353,Noah Thomas,Security,Management,19,53883,AP010,Active
ST0354,Isha Smith,Security,Cabin Services,1,102174,AP006,Active
ST0355,Emma Martin,Co-Pilot,Management,4,119542,AP003,Active
ST0356,Karan Iyer,Co-Pilot,Flight Operations,20,40149,AP026,Active
ST0357,Rohan Gupta,Co-Pilot,Customer Support,20,122494,AP024,Training
ST0358,Noah Nair,Security,Management,13,95144,AP004,Active
ST0359,Rahul Wilson,Maintenance,Cabin Services,15,28277,AP017,Active
ST0360,Diya Gupta,Security,Flight Operations,1,48752,AP004,On Leave
ST0361,Olivia Wilson,Maintenance,Customer Support,23,71271,AP028,On Leave
ST0362,Rohan Nair,Maintenance,Customer Support,6,103937,AP001,Active
ST0363,Noah Reddy,Cabin Crew,Engineering,24,110133,AP018,Active
ST0364,Arjun Gupta,Cabin Crew,Engineering,13,68622,AP011,Active
ST0365,Emma Kumar,Customer Service,Engineering,22,85132,AP002,Active
ST0366,Arjun Thomas,Security,Security,6,124946,AP021,Active
ST0367,Karan Joseph,Pilot,Security,16,86371,AP012,Active
ST0368,Daniel Patel,Pilot,Flight Operations,3,41255,AP018,Active
ST0369,Vikram Reddy,Security,Customer Support,21,54030,AP005,Active
ST0370,Kabir Martin,Operations,Security,1,59858,AP012,Active
ST0371,Ananya Patel,Operations,Flight Operations,6,52998,AP023,Active
ST0372,Daniel Gupta,Ground Staff,Customer Support,12,90050,AP004,Active
ST0373,Emma Brown,Maintenance,Engineering,11,101732,AP030,Active
ST0374,Daniel Brown,Customer Service,Security,8,35777,AP024,Active
ST0375,Karan Gupta,Security,Security,17,66926,AP007,Active
ST0376,Diya Smith,Ground Staff,Flight Operations,22,24024,AP029,Active
ST0377,Aisha Taylor,Security,Security,24,61912,AP009,Active
ST0378,Priya Reddy,Cabin Crew,Cabin Services,16,96058,AP014,Training
ST0379,Sneha Patel,Maintenance,Flight Operations,10,92561,AP002,Active
ST0380,Isha Thomas,Pilot,Customer Support,21,25280,AP001,Active
ST0381,Vikram Patel,Pilot,Cabin Services,2,110389,AP030,On Leave
ST0382,Diya Kumar,Cabin Crew,Cabin Services,10,31513,AP027,Active
ST0383,Olivia Sharma,Co-Pilot,Ground Operations,7,36440,AP011,Active
ST0384,Nisha Brown,Maintenance,Ground Operations,1,115315,AP021,Active
ST0385,Daniel Wilson,Maintenance,Flight Operations,6,125724,AP020,Active
ST0386,Diya Wilson,Cabin Crew,Security,15,55049,AP021,Active
ST0387,Daniel Brown,Customer Service,Ground Operations,18,77907,AP029,Active
ST0388,Priya Patel,Pilot,Ground Operations,8,123728,AP028,Active
ST0389,Isha Kumar,Pilot,Cabin Services,18,45276,AP009,Active
ST0390,Rahul Thomas,Cabin Crew,Customer Support,17,129228,AP003,Active
ST0391,Meera Martin,Operations,Security,12,52629,AP013,Active
ST0392,Priya Reddy,Ground Staff,Management,20,117678,AP011,Active
ST0393,Rohan Singh,Ground Staff,Customer Support,25,111761,AP016,Active
ST0394,Noah Joseph,Ground Staff,Flight Operations,25,62723,AP009,Active
ST0395,Karan Kumar,Security,Flight Operations,22,75445,AP011,Active
ST0396,Priya Thomas,Cabin Crew,Cabin Services,12,83602,AP016,Active
ST0397,Aarav Kumar,Cabin Crew,Ground Operations,18,44400,AP016,Active
ST0398,Rohan Smith,Maintenance,Management,7,94150,AP014,Active
ST0399,Meera Gupta,Pilot,Cabin Services,12,39131,AP008,Active
ST0400,Isha Singh,Cabin Crew,Cabin Services,8,78083,AP005,Active
ST0401,Priya Joseph,Operations,Engineering,9,70132,AP028,Active
ST0402,Rahul Kumar,Customer Service,Engineering,15,28117,AP012,Active
ST0403,Daniel Sharma,Security,Cabin Services,13,27158,AP019,Active
ST0404,Aditya Gupta,Customer Service,Management,6,114207,AP030,Active
ST0405,Ananya Singh,Pilot,Customer Support,21,72239,AP025,Active
ST0406,Vikram Brown,Security,Flight Operations,13,106575,AP020,Active
ST0407,Aarav Reddy,Co-Pilot,Flight Operations,22,63530,AP027,Active
ST0408,Kabir Thomas,Security,Engineering,22,101383,AP008,Active
ST0409,Isha Joseph,Ground Staff,Security,7,43185,AP018,Active
ST0410,Vikram Smith,Co-Pilot,Ground Operations,16,87490,AP026,Active
ST0411,Rahul Iyer,Maintenance,Cabin Services,9,107005,AP019,Active
ST0412,Ananya Smith,Pilot,Flight Operations,18,26268,AP029,Active
ST0413,Sneha Wilson,Ground Staff,Customer Support,9,64419,AP007,Active
ST0414,Meera Joseph,Cabin Crew,Cabin Services,14,64828,AP016,Active
ST0415,Priya Joseph,Co-Pilot,Management,20,57557,AP006,Active
ST0416,Arjun Martin,Customer Service,Engineering,3,62886,AP029,Active
ST0417,Daniel Martin,Cabin Crew,Customer Support,22,67416,AP008,Active
ST0418,Ananya Nair,Pilot,Cabin Services,9,113768,AP020,Active
ST0419,Vikram Reddy,Ground Staff,Ground Operations,15,58671,AP010,Active
ST0420,Daniel Martin,Co-Pilot,Management,4,22994,AP008,Training
ST0421,Noah Thomas,Co-Pilot,Flight Operations,22,52496,AP026,Training
ST0422,Aditya Smith,Ground Staff,Flight Operations,11,116806,AP028,Active
ST0423,Aditya Martin,Customer Service,Ground Operations,15,108706,AP015,Active
ST0424,Nisha Martin,Cabin Crew,Customer Support,18,122274,AP020,Active
ST0425,Priya Wilson,Pilot,Cabin Services,12,104808,AP029,Active
ST0426,Meera Nair,Customer Service,Engineering,13,96066,AP007,Active
ST0427,Emma Singh,Co-Pilot,Ground Operations,7,64609,AP018,Active
ST0428,Priya Gupta,Ground Staff,Ground Operations,24,47191,AP017,Active
ST0429,Arjun Thomas,Pilot,Customer Support,16,112341,AP009,Active
ST0430,Vikram Patel,Security,Ground Operations,1,86384,AP028,Active
ST0431,Aarav Thomas,Customer Service,Flight Operations,11,27923,AP002,Active
ST0432,Noah Thomas,Cabin Crew,Flight Operations,20,125812,AP013,Active
ST0433,Aarav Gupta,Security,Ground Operations,12,86488,AP016,Active
ST0434,Priya Martin,Security,Ground Operations,11,94833,AP029,Active
ST0435,Aisha Martin,Co-Pilot,Customer Support,5,95168,AP009,Active
ST0436,Aarav Iyer,Maintenance,Security,24,50455,AP011,Active
ST0437,Nisha Smith,Pilot,Cabin Services,14,107552,AP005,Active
ST0438,Rohan Reddy,Security,Cabin Services,24,88422,AP018,Active
ST0439,Aarav Sharma,Operations,Security,9,117811,AP001,Active
ST0440,Kabir Wilson,Pilot,Security,15,122108,AP027,Active
ST0441,Isha Gupta,Maintenance,Security,6,62648,AP022,Active
ST0442,Rohan Sharma,Maintenance,Security,19,42178,AP007,Training
ST0443,Aisha Kumar,Maintenance,Engineering,7,46856,AP019,Active
ST0444,Daniel Brown,Customer Service,Security,15,29900,AP006,Active
ST0445,Vikram Patel,Ground Staff,Customer Support,23,127846,AP018,Active
ST0446,Emma Thomas,Pilot,Customer Support,14,90709,AP011,Active
ST0447,Ananya Brown,Customer Service,Management,13,81274,AP019,Active
ST0448,Rohan Smith,Security,Flight Operations,19,33694,AP002,Active
ST0449,Emma Brown,Customer Service,Cabin Services,22,36656,AP023,On Leave
ST0450,Aisha Patel,Maintenance,Security,2,31752,AP029,On Leave
ST0451,Karan Martin,Security,Customer Support,14,100256,AP019,Training
ST0452,Olivia Taylor,Security,Engineering,4,94761,AP023,Active
ST0453,Vikram Smith,Security,Security,16,40256,AP024,Active
ST0454,Priya Wilson,Security,Customer Support,13,70977,AP028,Active
ST0455,Vikram Sharma,Customer Service,Management,9,69848,AP001,Active
ST0456,Sneha Nair,Maintenance,Management,21,88984,AP014,Active
ST0457,Emma Smith,Ground Staff,Flight Operations,1,89634,AP009,Active
ST0458,Rohan Reddy,Ground Staff,Customer Support,24,101635,AP010,On Leave
ST0459,Aarav Nair,Cabin Crew,Security,2,88175,AP018,Active
ST0460,Diya Patel,Customer Service,Engineering,10,53219,AP021,Active
ST0461,Emma Nair,Security,Customer Support,10,79164,AP025,Active
ST0462,Karan Nair,Customer Service,Ground Operations,21,36938,AP008,Training
ST0463,Ananya Martin,Pilot,Flight Operations,21,82279,AP016,Active
ST0464,Vikram Gupta,Security,Flight Operations,16,85500,AP016,Active
ST0465,Isha Wilson,Customer Service,Ground Operations,7,24705,AP010,On Leave
ST0466,Aisha Brown,Maintenance,Customer Support,1,22960,AP002,Active
ST0467,Arjun Gupta,Ground Staff,Management,24,30977,AP015,Active
ST0468,Vikram Patel,Operations,Engineering,14,51881,AP016,Active
ST0469,Arjun Thomas,Co-Pilot,Security,21,115931,AP027,Active
ST0470,Sneha Joseph,Cabin Crew,Engineering,3,43037,AP004,Training
ST0471,Rohan Gupta,Security,Security,21,57697,AP018,Active
ST0472,Isha Kumar,Pilot,Management,20,125285,AP026,Active
ST0473,Arjun Martin,Ground Staff,Management,24,120216,AP008,Active
ST0474,Kabir Singh,Operations,Cabin Services,11,71444,AP012,Active
ST0475,Olivia Wilson,Customer Service,Customer Support,9,28859,AP025,On Leave
ST0476,Sneha Reddy,Cabin Crew,Cabin Services,24,43463,AP020,Active
ST0477,Daniel Wilson,Operations,Flight Operations,7,89663,AP010,Training
ST0478,Rohan Nair,Ground Staff,Management,18,123165,AP009,Active
ST0479,Rahul Sharma,Cabin Crew,Flight Operations,16,129045,AP008,Active
ST0480,Olivia Singh,Co-Pilot,Engineering,25,54000,AP015,Active
ST0481,Ananya Singh,Customer Service,Engineering,7,67696,AP006,Active
ST0482,Meera Taylor,Maintenance,Engineering,10,66725,AP006,Active
ST0483,Olivia Nair,Co-Pilot,Security,12,62373,AP027,Active
ST0484,Isha Nair,Cabin Crew,Flight Operations,2,111962,AP012,Active
ST0485,Aditya Brown,Security,Flight Operations,15,117001,AP001,Active
ST0486,Vikram Nair,Co-Pilot,Flight Operations,2,33549,AP014,Active
ST0487,Aditya Nair,Ground Staff,Ground Operations,3,77521,AP019,Active
ST0488,Kabir Reddy,Customer Service,Flight Operations,20,44339,AP019,Active
ST0489,Nisha Smith,Ground Staff,Security,14,79662,AP024,Active
ST0490,Ananya Patel,Cabin Crew,Engineering,25,70592,AP001,Active
ST0491,Arjun Martin,Pilot,Customer Support,2,84143,AP009,Training
ST0492,Ananya Joseph,Cabin Crew,Security,22,102584,AP022,Active
ST0493,Priya Kumar,Operations,Engineering,12,103650,AP014,Active
ST0494,Ananya Brown,Maintenance,Flight Operations,15,42187,AP021,Active
ST0495,Diya Taylor,Pilot,Customer Support,1,33050,AP015,Training
ST0496,Olivia Kumar,Security,Customer Support,11,53826,AP029,Active
ST0497,Meera Nair,Security,Management,10,60930,AP004,Active
ST0498,Isha Taylor,Ground Staff,Customer Support,11,78853,AP019,Active
ST0499,Noah Reddy,Pilot,Security,25,58052,AP028,Active
ST0500,Kabir Nair,Pilot,Flight Operations,17,45063,AP009,Active
ST0501,Ananya Wilson,Customer Service,Engineering,15,64669,AP008,Active
ST0502,Arjun Patel,Pilot,Security,9,51330,AP011,Active
ST0503,Isha Martin,Customer Service,Security,8,125182,AP004,Active
ST0504,Noah Nair,Operations,Flight Operations,1,62759,AP026,Active
ST0505,Diya Smith,Customer Service,Engineering,20,50696,AP021,Active
ST0506,Aisha Taylor,Maintenance,Customer Support,17,34794,AP020,Active
ST0507,Aisha Martin,Ground Staff,Engineering,6,45415,AP008,Active
ST0508,Vikram Reddy,Maintenance,Customer Support,25,114875,AP009,Active
ST0509,Diya Thomas,Pilot,Customer Support,4,101163,AP022,Active
ST0510,Arjun Reddy,Operations,Management,14,82315,AP001,Active
ST0511,Vikram Gupta,Security,Ground Operations,23,32106,AP010,Active
ST0512,Isha Smith,Maintenance,Flight Operations,20,103475,AP006,Active
ST0513,Diya Kumar,Maintenance,Management,9,58877,AP012,Active
ST0514,Olivia Iyer,Customer Service,Engineering,13,125602,AP030,Active
ST0515,Vikram Brown,Maintenance,Security,6,50433,AP010,Active
ST0516,Nisha Iyer,Ground Staff,Engineering,1,44977,AP013,Active
ST0517,Daniel Gupta,Pilot,Engineering,1,28626,AP022,Active
ST0518,Aarav Patel,Customer Service,Cabin Services,18,124836,AP020,Active
ST0519,Noah Gupta,Ground Staff,Engineering,22,55003,AP012,Active
ST0520,Vikram Joseph,Ground Staff,Flight Operations,21,61131,AP020,Active
ST0521,Priya Wilson,Customer Service,Security,25,28468,AP022,Active
ST0522,Karan Kumar,Security,Flight Operations,23,24909,AP017,Training
ST0523,Diya Joseph,Ground Staff,Engineering,13,60757,AP022,Active
ST0524,Sneha Thomas,Ground Staff,Ground Operations,23,84082,AP019,Active
ST0525,Meera Iyer,Maintenance,Ground Operations,20,87401,AP019,On Leave
ST0526,Noah Thomas,Operations,Flight Operations,24,55170,AP007,Active
ST0527,Nisha Joseph,Maintenance,Flight Operations,17,110964,AP017,Active
ST0528,Sneha Nair,Maintenance,Management,11,129494,AP004,Active
ST0529,Nisha Nair,Ground Staff,Management,24,28067,AP028,Active
ST0530,Noah Iyer,Co-Pilot,Cabin Services,19,107646,AP003,On Leave
ST0531,Rohan Smith,Security,Engineering,16,94886,AP010,On Leave
ST0532,Karan Taylor,Maintenance,Flight Operations,14,99209,AP022,Active
ST0533,Aisha Kumar,Pilot,Customer Support,20,74564,AP014,Active
ST0534,Kabir Wilson,Customer Service,Ground Operations,20,79029,AP008,Active
ST0535,Aarav Brown,Security,Flight Operations,5,33385,AP017,Active
ST0536,Aarav Smith,Cabin Crew,Flight Operations,17,115560,AP018,Active
ST0537,Priya Joseph,Maintenance,Management,10,76985,AP021,Active
ST0538,Isha Martin,Customer Service,Security,23,89341,AP014,Training
ST0539,Ananya Iyer,Customer Service,Ground Operations,6,81365,AP005,Active
ST0540,Diya Brown,Cabin Crew,Ground Operations,19,22645,AP007,Training
ST0541,Isha Joseph,Customer Service,Ground Operations,1,92338,AP021,Active
ST0542,Vikram Reddy,Customer Service,Ground Operations,2,120234,AP008,Active
ST0543,Emma Reddy,Maintenance,Engineering,15,107167,AP017,Active
ST0544,Isha Smith,Maintenance,Security,1,128607,AP001,On Leave
ST0545,Aarav Sharma,Operations,Customer Support,10,99912,AP011,Active
ST0546,Aditya Sharma,Pilot,Customer Support,22,107813,AP012,Active
ST0547,Kabir Taylor,Customer Service,Flight Operations,10,128545,AP030,Active
ST0548,Noah Brown,Operations,Flight Operations,13,51918,AP013,Active
ST0549,Diya Reddy,Operations,Flight Operations,24,104100,AP003,Training
ST0550,Vikram Thomas,Customer Service,Flight Operations,24,53783,AP021,Active
ST0551,Isha Joseph,Ground Staff,Engineering,7,71335,AP019,On Leave
ST0552,Ananya Wilson,Cabin Crew,Flight Operations,22,95012,AP014,Active
ST0553,Rohan Patel,Ground Staff,Customer Support,2,42856,AP012,Active
ST0554,Nisha Martin,Co-Pilot,Engineering,12,82676,AP002,Active
ST0555,Arjun Patel,Operations,Customer Support,11,31772,AP023,Training
ST0556,Aditya Martin,Operations,Flight Operations,16,74337,AP027,Active
ST0557,Rohan Reddy,Co-Pilot,Engineering,2,28286,AP009,Active
ST0558,Aisha Smith,Security,Cabin Services,2,51795,AP002,Training
ST0559,Noah Thomas,Operations,Management,13,77944,AP030,Active
ST0560,Aarav Joseph,Ground Staff,Engineering,2,99010,AP009,Active
ST0561,Diya Patel,Security,Engineering,13,90143,AP023,Active
ST0562,Vikram Sharma,Security,Management,3,117117,AP004,Active
ST0563,Aditya Reddy,Operations,Ground Operations,6,96190,AP020,Active
ST0564,Meera Taylor,Operations,Security,3,96104,AP002,Active
ST0565,Olivia Reddy,Maintenance,Engineering,1,104636,AP029,Active
ST0566,Ananya Singh,Security,Customer Support,7,96351,AP010,Active
ST0567,Noah Kumar,Customer Service,Engineering,25,126785,AP018,Active
ST0568,Aarav Nair,Co-Pilot,Management,17,115660,AP024,Active
ST0569,Karan Smith,Security,Ground Operations,17,73279,AP030,Active
ST0570,Diya Reddy,Pilot,Flight Operations,6,118368,AP028,Active
ST0571,Arjun Singh,Ground Staff,Management,1,71118,AP023,Active
ST0572,Emma Taylor,Pilot,Management,12,47397,AP001,On Leave
ST0573,Emma Taylor,Ground Staff,Security,25,22705,AP003,Active
ST0574,Olivia Patel,Pilot,Engineering,3,72498,AP012,Active
ST0575,Aarav Iyer,Maintenance,Customer Support,17,49015,AP021,Active
ST0576,Rohan Brown,Customer Service,Security,4,89087,AP011,Active
ST0577,Priya Iyer,Maintenance,Cabin Services,1,52715,AP024,Active
ST0578,Daniel Joseph,Pilot,Ground Operations,25,32024,AP010,Active
ST0579,Diya Wilson,Co-Pilot,Customer Support,12,58207,AP003,Active
ST0580,Noah Kumar,Cabin Crew,Customer Support,7,39287,AP004,Active
ST0581,Daniel Iyer,Operations,Flight Operations,10,60093,AP005,Active
ST0582,Aditya Kumar,Pilot,Security,18,121467,AP009,Active
ST0583,Rohan Kumar,Customer Service,Security,7,113212,AP019,Active
ST0584,Sneha Wilson,Pilot,Customer Support,24,129197,AP010,Active
ST0585,Sneha Smith,Co-Pilot,Management,2,41340,AP002,Active
ST0586,Vikram Martin,Customer Service,Cabin Services,21,116742,AP011,Active
ST0587,Emma Gupta,Pilot,Management,5,72257,AP008,Active
ST0588,Nisha Smith,Pilot,Management,10,97893,AP001,Active
ST0589,Aisha Kumar,Security,Engineering,7,98063,AP006,Active
ST0590,Meera Iyer,Operations,Engineering,23,35595,AP028,Active
ST0591,Nisha Iyer,Security,Customer Support,19,111425,AP008,On Leave
ST0592,Aditya Gupta,Co-Pilot,Management,25,71066,AP001,Active
ST0593,Ananya Sharma,Cabin Crew,Security,3,91771,AP001,Active
ST0594,Vikram Sharma,Maintenance,Ground Operations,19,125340,AP009,Training
ST0595,Meera Sharma,Operations,Engineering,6,119582,AP009,Active
ST0596,Aarav Thomas,Security,Cabin Services,14,113648,AP023,Active
ST0597,Olivia Nair,Cabin Crew,Cabin Services,15,98332,AP029,Active
ST0598,Aarav Sharma,Pilot,Customer Support,1,124089,AP012,Active
ST0599,Rahul Thomas,Pilot,Management,8,68233,AP012,Active
ST0600,Ananya Kumar,Co-Pilot,Engineering,3,46471,AP019,Active
ST0601,Aarav Gupta,Security,Flight Operations,5,100243,AP015,Active
ST0602,Rahul Smith,Cabin Crew,Ground Operations,11,114747,AP009,Active
ST0603,Aditya Iyer,Operations,Flight Operations,24,30663,AP001,Active
ST0604,Karan Smith,Operations,Security,15,121329,AP025,Active
ST0605,Sneha Smith,Maintenance,Flight Operations,20,106646,AP023,Active
ST0606,Ananya Singh,Maintenance,Ground Operations,20,98410,AP003,Active
ST0607,Sneha Brown,Pilot,Management,2,45941,AP012,Active
ST0608,Noah Iyer,Co-Pilot,Management,9,59680,AP011,Active
ST0609,Olivia Martin,Cabin Crew,Customer Support,3,92565,AP018,Active
ST0610,Daniel Nair,Ground Staff,Ground Operations,15,52330,AP001,Active
ST0611,Diya Joseph,Cabin Crew,Cabin Services,1,106145,AP027,Active
ST0612,Kabir Martin,Co-Pilot,Ground Operations,23,81384,AP027,On Leave
ST0613,Ananya Joseph,Maintenance,Ground Operations,17,37195,AP003,Active
ST0614,Noah Patel,Customer Service,Flight Operations,15,25591,AP014,Active
ST0615,Aisha Martin,Pilot,Management,3,97384,AP011,Active
ST0616,Diya Wilson,Security,Security,3,41041,AP012,Active
ST0617,Meera Joseph,Ground Staff,Customer Support,15,46219,AP014,Training
ST0618,Vikram Taylor,Co-Pilot,Cabin Services,6,67314,AP001,Active
ST0619,Isha Singh,Security,Flight Operations,20,23967,AP014,Active
ST0620,Emma Wilson,Ground Staff,Ground Operations,16,64041,AP004,Active
ST0621,Ananya Iyer,Pilot,Engineering,11,77029,AP020,Training
ST0622,Meera Nair,Co-Pilot,Ground Operations,16,35338,AP009,Active
ST0623,Arjun Iyer,Co-Pilot,Security,5,57943,AP007,Training
ST0624,Isha Reddy,Maintenance,Customer Support,18,62521,AP012,Active
ST0625,Aditya Taylor,Pilot,Security,25,127868,AP022,Active
ST0626,Nisha Gupta,Maintenance,Management,17,89092,AP006,Active
ST0627,Noah Wilson,Customer Service,Cabin Services,15,36254,AP003,Active
ST0628,Meera Iyer,Co-Pilot,Management,4,65823,AP003,Active
ST0629,Meera Patel,Maintenance,Security,18,70137,AP006,Active
ST0630,Olivia Iyer,Security,Security,24,24267,AP015,Active
ST0631,Arjun Gupta,Maintenance,Customer Support,2,35902,AP015,Active
ST0632,Olivia Patel,Pilot,Management,17,88407,AP003,Active
ST0633,Rahul Patel,Operations,Cabin Services,10,49447,AP011,Active
ST0634,Rahul Martin,Co-Pilot,Ground Operations,3,40362,AP016,Active
ST0635,Kabir Joseph,Maintenance,Flight Operations,9,60802,AP029,Active
ST0636,Sneha Singh,Co-Pilot,Customer Support,21,54577,AP019,Active
ST0637,Aditya Taylor,Operations,Customer Support,19,128204,AP004,Active
ST0638,Sneha Gupta,Pilot,Cabin Services,7,89724,AP003,Training
ST0639,Rahul Thomas,Co-Pilot,Security,4,123341,AP013,Active
ST0640,Priya Taylor,Cabin Crew,Engineering,24,83730,AP019,Active
ST0641,Noah Wilson,Maintenance,Cabin Services,5,80269,AP026,Active
ST0642,Olivia Reddy,Cabin Crew,Customer Support,16,123644,AP012,Active
ST0643,Rahul Sharma,Co-Pilot,Cabin Services,19,64965,AP001,Active
ST0644,Nisha Brown,Customer Service,Engineering,22,92533,AP003,Active
ST0645,Ananya Joseph,Co-Pilot,Customer Support,11,50516,AP026,Active
ST0646,Emma Martin,Pilot,Cabin Services,9,89228,AP001,Active
ST0647,Karan Martin,Maintenance,Security,24,82586,AP023,Training
ST0648,Rahul Kumar,Customer Service,Security,5,89030,AP005,Active
ST0649,Noah Taylor,Operations,Ground Operations,23,66612,AP018,Active
ST0650,Ananya Thomas,Maintenance,Ground Operations,11,52218,AP030,Active
ST0651,Ananya Martin,Security,Management,19,36762,AP027,Training
ST0652,Ananya Wilson,Cabin Crew,Cabin Services,22,76457,AP015,Active
ST0653,Aditya Singh,Co-Pilot,Cabin Services,16,34832,AP004,Active
ST0654,Olivia Kumar,Operations,Management,12,112955,AP003,Active
ST0655,Arjun Patel,Pilot,Cabin Services,12,122825,AP015,Training
ST0656,Aarav Reddy,Ground Staff,Engineering,23,52953,AP026,Active
ST0657,Meera Patel,Co-Pilot,Ground Operations,21,86153,AP007,Active
ST0658,Olivia Smith,Maintenance,Customer Support,5,51415,AP028,Active
ST0659,Ananya Martin,Cabin Crew,Engineering,10,108204,AP012,Training
ST0660,Rohan Nair,Maintenance,Management,13,116908,AP006,Active
ST0661,Priya Iyer,Co-Pilot,Flight Operations,15,31904,AP015,Active
ST0662,Noah Singh,Customer Service,Customer Support,1,104645,AP017,Active
ST0663,Aisha Wilson,Cabin Crew,Customer Support,12,119233,AP014,Active
ST0664,Vikram Iyer,Pilot,Flight Operations,3,124008,AP020,Active
ST0665,Kabir Martin,Operations,Security,8,45241,AP003,On Leave
ST0666,Aisha Gupta,Customer Service,Customer Support,25,65727,AP024,Active
ST0667,Arjun Iyer,Pilot,Security,18,105845,AP023,Active
ST0668,Meera Gupta,Pilot,Security,22,61018,AP030,Active
ST0669,Meera Martin,Operations,Customer Support,10,24383,AP027,Active
ST0670,Rahul Wilson,Pilot,Flight Operations,13,62179,AP015,Active
ST0671,Isha Patel,Cabin Crew,Flight Operations,18,68879,AP010,Active
ST0672,Rohan Iyer,Cabin Crew,Engineering,8,83453,AP010,Active
ST0673,Isha Brown,Pilot,Engineering,2,92899,AP030,On Leave
ST0674,Vikram Brown,Pilot,Security,3,77941,AP007,Active
ST0675,Rohan Martin,Security,Security,17,24546,AP026,Active
ST0676,Rahul Kumar,Security,Engineering,17,54546,AP024,Active
ST0677,Aarav Joseph,Co-Pilot,Customer Support,1,47887,AP004,Active
ST0678,Diya Iyer,Operations,Engineering,7,84616,AP020,Active
ST0679,Isha Thomas,Customer Service,Customer Support,5,61128,AP014,Active
ST0680,Aditya Kumar,Operations,Flight Operations,19,95514,AP012,Active
ST0681,Noah Sharma,Operations,Flight Operations,24,23996,AP002,Active
ST0682,Priya Sharma,Customer Service,Customer Support,22,99891,AP022,Active
ST0683,Kabir Reddy,Ground Staff,Cabin Services,14,102629,AP015,Active
ST0684,Noah Nair,Maintenance,Engineering,13,88199,AP015,Active
ST0685,Karan Reddy,Operations,Engineering,12,90180,AP027,Active
ST0686,Rahul Brown,Ground Staff,Cabin Services,10,94247,AP016,Active
ST0687,Olivia Sharma,Operations,Engineering,23,29343,AP022,Active
ST0688,Arjun Singh,Ground Staff,Flight Operations,25,54694,AP001,Active
ST0689,Karan Iyer,Customer Service,Ground Operations,2,50611,AP030,Active
ST0690,Rohan Taylor,Co-Pilot,Flight Operations,16,112484,AP019,Active
ST0691,Aditya Reddy,Maintenance,Flight Operations,11,34695,AP021,Active
ST0692,Isha Kumar,Cabin Crew,Cabin Services,2,97255,AP001,Active
ST0693,Vikram Sharma,Cabin Crew,Management,2,92781,AP007,Active
ST0694,Karan Reddy,Co-Pilot,Ground Operations,18,79423,AP023,Training
ST0695,Olivia Kumar,Cabin Crew,Flight Operations,19,127829,AP010,Training
ST0696,Aditya Martin,Operations,Engineering,12,60078,AP019,Active
ST0697,Aarav Joseph,Customer Service,Customer Support,17,60484,AP003,Active
ST0698,Olivia Smith,Security,Customer Support,23,98411,AP021,Active
ST0699,Aditya Thomas,Co-Pilot,Flight Operations,4,56224,AP008,Active
ST0700,Meera Brown,Operations,Flight Operations,8,96392,AP024,Active
ST0701,Nisha Gupta,Operations,Cabin Services,17,80510,AP028,Active
ST0702,Olivia Patel,Co-Pilot,Security,8,77432,AP016,Active
ST0703,Daniel Iyer,Customer Service,Cabin Services,15,97719,AP028,Active
ST0704,Aarav Wilson,Ground Staff,Flight Operations,15,47726,AP016,Active
ST0705,Olivia Brown,Security,Engineering,3,29019,AP023,Active
ST0706,Rohan Singh,Ground Staff,Security,20,60291,AP016,On Leave
ST0707,Kabir Taylor,Operations,Flight Operations,23,114861,AP022,Active
ST0708,Noah Thomas,Co-Pilot,Ground Operations,10,27012,AP027,Active
ST0709,Nisha Smith,Co-Pilot,Engineering,18,31535,AP019,Active
ST0710,Vikram Martin,Pilot,Security,21,44922,AP017,Active
ST0711,Priya Kumar,Pilot,Customer Support,24,127891,AP012,Active
ST0712,Aditya Thomas,Co-Pilot,Ground Operations,6,108107,AP023,Active
ST0713,Aisha Singh,Cabin Crew,Engineering,11,93229,AP015,Active
ST0714,Isha Joseph,Pilot,Engineering,22,61472,AP011,Active
ST0715,Sneha Singh,Customer Service,Security,7,74718,AP006,Active
ST0716,Aarav Patel,Maintenance,Management,14,42669,AP018,Active
ST0717,Rahul Nair,Pilot,Engineering,16,93700,AP010,Active
ST0718,Arjun Thomas,Ground Staff,Management,4,77163,AP006,Active
ST0719,Karan Martin,Maintenance,Security,15,124413,AP018,Active
ST0720,Noah Sharma,Maintenance,Cabin Services,12,57922,AP028,Active
ST0721,Noah Martin,Maintenance,Management,2,26310,AP011,Active
ST0722,Vikram Reddy,Cabin Crew,Customer Support,12,124057,AP022,Active
ST0723,Aditya Wilson,Pilot,Flight Operations,22,84236,AP002,Active
ST0724,Isha Thomas,Pilot,Engineering,15,85772,AP004,Active
ST0725,Sneha Taylor,Security,Ground Operations,4,107226,AP023,Active
ST0726,Emma Singh,Maintenance,Security,3,50094,AP016,Active
ST0727,Emma Nair,Ground Staff,Customer Support,10,96445,AP017,Active
ST0728,Arjun Joseph,Operations,Flight Operations,16,41890,AP003,Active
ST0729,Nisha Taylor,Ground Staff,Flight Operations,12,49659,AP009,Active
ST0730,Nisha Patel,Pilot,Management,4,50937,AP008,Active
ST0731,Karan Brown,Maintenance,Cabin Services,9,45117,AP023,Active
ST0732,Meera Smith,Ground Staff,Flight Operations,24,36099,AP019,Active
ST0733,Karan Taylor,Customer Service,Flight Operations,7,107517,AP026,Active
ST0734,Karan Gupta,Cabin Crew,Flight Operations,2,119645,AP017,Active
ST0735,Ananya Brown,Customer Service,Ground Operations,1,60105,AP022,Active
ST0736,Rahul Sharma,Operations,Engineering,8,125552,AP029,Active
ST0737,Aditya Iyer,Co-Pilot,Security,1,62480,AP006,On Leave
ST0738,Nisha Nair,Customer Service,Customer Support,14,53917,AP028,Active
ST0739,Meera Taylor,Customer Service,Customer Support,16,104728,AP021,Active
ST0740,Rohan Reddy,Cabin Crew,Ground Operations,15,36148,AP007,Active
ST0741,Diya Nair,Pilot,Management,15,41309,AP017,Active
ST0742,Sneha Brown,Co-Pilot,Flight Operations,23,45193,AP003,Active
ST0743,Rohan Singh,Cabin Crew,Management,25,65099,AP019,Active
ST0744,Arjun Kumar,Cabin Crew,Ground Operations,21,116602,AP003,Active
ST0745,Arjun Smith,Security,Customer Support,4,83872,AP009,Active
ST0746,Meera Thomas,Maintenance,Ground Operations,14,102728,AP024,On Leave
ST0747,Isha Singh,Operations,Cabin Services,18,122309,AP015,Active
ST0748,Rahul Sharma,Operations,Flight Operations,21,62182,AP008,Active
ST0749,Rohan Brown,Ground Staff,Cabin Services,19,84167,AP008,Active
ST0750,Rahul Taylor,Maintenance,Customer Support,16,53461,AP011,Active
ST0751,Meera Wilson,Pilot,Ground Operations,25,104332,AP022,Active
ST0752,Arjun Taylor,Pilot,Flight Operations,4,61342,AP021,Training
ST0753,Rahul Sharma,Ground Staff,Security,25,61879,AP027,Active
ST0754,Noah Joseph,Customer Service,Engineering,9,78647,AP010,Active
ST0755,Karan Reddy,Maintenance,Ground Operations,20,122958,AP010,Active
ST0756,Rohan Sharma,Co-Pilot,Management,21,52296,AP025,Active
ST0757,Diya Smith,Maintenance,Flight Operations,9,115991,AP005,Active
ST0758,Emma Iyer,Ground Staff,Flight Operations,11,30000,AP013,Active
ST0759,Aisha Wilson,Ground Staff,Management,10,37106,AP001,Active
ST0760,Noah Joseph,Pilot,Ground Operations,21,25215,AP026,Active
ST0761,Rohan Martin,Cabin Crew,Management,19,28175,AP014,Active
ST0762,Vikram Wilson,Ground Staff,Management,8,48438,AP016,Active
ST0763,Emma Taylor,Maintenance,Security,19,116705,AP022,Training
ST0764,Diya Kumar,Cabin Crew,Security,1,44440,AP004,Active
ST0765,Isha Brown,Ground Staff,Management,15,60954,AP014,Active
ST0766,Sneha Kumar,Operations,Customer Support,16,104256,AP022,Active
ST0767,Rahul Smith,Cabin Crew,Flight Operations,14,64363,AP007,Active
ST0768,Daniel Martin,Customer Service,Flight Operations,3,102427,AP027,Training
ST0769,Rahul Smith,Security,Engineering,13,89067,AP018,On Leave
ST0770,Rahul Iyer,Security,Cabin Services,22,71585,AP009,Active
ST0771,Rohan Reddy,Maintenance,Flight Operations,13,63589,AP021,Active
ST0772,Daniel Reddy,Customer Service,Flight Operations,21,117642,AP005,Active
ST0773,Priya Kumar,Maintenance,Engineering,13,122849,AP020,Active
ST0774,Arjun Taylor,Security,Customer Support,11,27063,AP026,Active
ST0775,Emma Sharma,Security,Flight Operations,4,50298,AP016,Active
ST0776,Diya Wilson,Cabin Crew,Customer Support,12,31248,AP014,Active
ST0777,Nisha Smith,Security,Engineering,25,73643,AP025,Active
ST0778,Meera Iyer,Co-Pilot,Flight Operations,10,34168,AP006,Active
ST0779,Kabir Wilson,Operations,Security,1,22780,AP029,Active
ST0780,Daniel Reddy,Operations,Cabin Services,10,30945,AP030,Active
ST0781,Rahul Patel,Co-Pilot,Cabin Services,5,33266,AP016,Active
ST0782,Emma Kumar,Maintenance,Security,12,91438,AP030,Active
ST0783,Ananya Gupta,Co-Pilot,Security,16,127826,AP025,Active
ST0784,Meera Smith,Cabin Crew,Cabin Services,8,112299,AP009,Active
ST0785,Noah Reddy,Maintenance,Customer Support,11,26564,AP013,Active
ST0786,Daniel Kumar,Ground Staff,Flight Operations,1,88708,AP014,Active
ST0787,Arjun Wilson,Customer Service,Security,1,120205,AP018,Active
ST0788,Meera Smith,Operations,Security,15,98813,AP029,Active
ST0789,Aisha Gupta,Cabin Crew,Engineering,18,61328,AP014,Active
ST0790,Ananya Thomas,Co-Pilot,Cabin Services,5,62596,AP012,Active
ST0791,Meera Martin,Co-Pilot,Cabin Services,16,106678,AP023,Active
ST0792,Olivia Smith,Security,Ground Operations,11,116775,AP029,On Leave
ST0793,Rohan Nair,Pilot,Security,23,25031,AP029,Active
ST0794,Isha Sharma,Cabin Crew,Management,7,85950,AP023,Active
ST0795,Meera Joseph,Co-Pilot,Security,16,102061,AP027,Active
ST0796,Rahul Reddy,Maintenance,Customer Support,18,100181,AP008,Active
ST0797,Diya Gupta,Security,Cabin Services,1,33280,AP018,Active
ST0798,Rohan Sharma,Pilot,Engineering,14,37612,AP008,Active
ST0799,Arjun Martin,Maintenance,Ground Operations,19,91477,AP011,Active
ST0800,Diya Nair,Co-Pilot,Flight Operations,17,91646,AP010,Active
ST0801,Kabir Singh,Maintenance,Management,12,121809,AP005,Active
ST0802,Olivia Gupta,Security,Ground Operations,4,129851,AP012,Active
ST0803,Ananya Joseph,Cabin Crew,Engineering,5,118271,AP011,Active
ST0804,Aisha Sharma,Pilot,Engineering,7,119415,AP026,Active
ST0805,Aditya Iyer,Cabin Crew,Cabin Services,14,71996,AP026,Active
ST0806,Priya Brown,Operations,Customer Support,14,69320,AP005,Active
ST0807,Olivia Brown,Cabin Crew,Security,20,37550,AP021,Active
ST0808,Daniel Gupta,Pilot,Customer Support,3,102996,AP006,Active
ST0809,Kabir Taylor,Pilot,Flight Operations,24,95000,AP010,Active
ST0810,Noah Thomas,Security,Customer Support,13,122592,AP016,Active
ST0811,Kabir Brown,Operations,Flight Operations,12,60872,AP018,Active
ST0812,Meera Gupta,Operations,Security,16,106028,AP030,Active
ST0813,Rohan Reddy,Cabin Crew,Cabin Services,3,57297,AP023,Active
ST0814,Aisha Nair,Operations,Flight Operations,20,47039,AP019,Active
ST0815,Noah Gupta,Operations,Cabin Services,8,113135,AP024,Active
ST0816,Ananya Sharma,Customer Service,Security,15,100372,AP030,Active
ST0817,Nisha Patel,Security,Customer Support,18,100524,AP029,Active
ST0818,Noah Smith,Customer Service,Ground Operations,18,44535,AP007,Active
ST0819,Karan Martin,Pilot,Engineering,3,38588,AP012,Active
ST0820,Kabir Thomas,Cabin Crew,Management,21,25197,AP011,Training
ST0821,Arjun Kumar,Maintenance,Cabin Services,1,63072,AP010,Active
ST0822,Priya Wilson,Cabin Crew,Customer Support,21,101017,AP029,Active
ST0823,Rahul Singh,Customer Service,Flight Operations,21,79720,AP019,Active
ST0824,Daniel Patel,Maintenance,Customer Support,15,129001,AP016,Active
ST0825,Isha Sharma,Pilot,Ground Operations,1,118882,AP018,Training
ST0826,Rohan Sharma,Customer Service,Cabin Services,17,53696,AP008,Active
ST0827,Sneha Kumar,Security,Ground Operations,10,77942,AP018,Active
ST0828,Kabir Wilson,Security,Engineering,8,46133,AP025,Training
ST0829,Kabir Wilson,Maintenance,Security,12,63548,AP028,Active
ST0830,Vikram Wilson,Security,Management,14,95695,AP007,Active
ST0831,Diya Nair,Security,Security,21,37627,AP019,Active
ST0832,Aarav Thomas,Pilot,Ground Operations,3,42053,AP027,Active
ST0833,Olivia Martin,Operations,Security,10,100388,AP001,Active
ST0834,Rahul Patel,Customer Service,Customer Support,11,107713,AP028,Active
ST0835,Meera Joseph,Ground Staff,Management,6,28070,AP006,Active
ST0836,Priya Martin,Customer Service,Security,20,56977,AP001,Active
ST0837,Rohan Singh,Operations,Customer Support,11,38287,AP014,Active
ST0838,Vikram Taylor,Cabin Crew,Management,5,114618,AP015,Active
ST0839,Karan Patel,Operations,Flight Operations,5,55597,AP018,Training
ST0840,Aisha Taylor,Ground Staff,Cabin Services,3,126348,AP024,Active
ST0841,Sneha Thomas,Pilot,Engineering,4,24173,AP002,Active
ST0842,Meera Gupta,Cabin Crew,Engineering,18,78932,AP027,Active
ST0843,Isha Reddy,Co-Pilot,Flight Operations,12,105967,AP013,Active
ST0844,Rohan Wilson,Cabin Crew,Cabin Services,20,128688,AP018,Active
ST0845,Nisha Brown,Security,Ground Operations,21,91590,AP003,Active
ST0846,Rohan Thomas,Security,Customer Support,15,98536,AP030,Active
ST0847,Nisha Wilson,Maintenance,Security,24,78376,AP022,Training
ST0848,Sneha Sharma,Ground Staff,Management,13,114708,AP004,Active
ST0849,Aisha Iyer,Security,Cabin Services,12,54413,AP015,Active
ST0850,Diya Iyer,Pilot,Management,5,80198,AP029,Active
ST0851,Karan Nair,Co-Pilot,Security,20,34814,AP001,Active
ST0852,Noah Sharma,Cabin Crew,Ground Operations,13,64220,AP008,Active
ST0853,Kabir Martin,Operations,Ground Operations,13,91430,AP026,Active
ST0854,Olivia Kumar,Security,Security,24,50525,AP025,Active
ST0855,Meera Patel,Operations,Engineering,19,62249,AP010,On Leave
ST0856,Arjun Nair,Pilot,Cabin Services,16,43713,AP002,Active
ST0857,Sneha Smith,Pilot,Management,7,113114,AP027,Active
ST0858,Meera Reddy,Cabin Crew,Customer Support,1,40471,AP001,Active
ST0859,Isha Patel,Co-Pilot,Flight Operations,3,27916,AP011,Active
ST0860,Arjun Singh,Pilot,Flight Operations,7,102658,AP003,Active
ST0861,Vikram Iyer,Security,Engineering,19,46226,AP027,Active
ST0862,Diya Taylor,Pilot,Flight Operations,13,87961,AP003,Active
ST0863,Aisha Smith,Ground Staff,Engineering,21,125926,AP027,Active
ST0864,Noah Iyer,Ground Staff,Engineering,5,29804,AP017,Active
ST0865,Noah Taylor,Cabin Crew,Cabin Services,23,112525,AP021,Training
ST0866,Olivia Thomas,Ground Staff,Management,5,57599,AP027,Active
ST0867,Kabir Smith,Customer Service,Cabin Services,8,70647,AP015,Active
ST0868,Ananya Taylor,Ground Staff,Customer Support,21,72923,AP010,Active
ST0869,Aarav Smith,Pilot,Engineering,14,70455,AP024,On Leave
ST0870,Meera Singh,Customer Service,Security,9,24108,AP024,Active
ST0871,Ananya Thomas,Operations,Management,12,96207,AP004,On Leave
ST0872,Noah Taylor,Pilot,Ground Operations,15,52315,AP008,Active
ST0873,Daniel Reddy,Ground Staff,Customer Support,20,114593,AP004,Active
ST0874,Priya Brown,Ground Staff,Engineering,1,118784,AP006,Active
ST0875,Aisha Wilson,Security,Flight Operations,8,74432,AP020,Active
ST0876,Priya Iyer,Co-Pilot,Cabin Services,11,39377,AP025,Active
ST0877,Vikram Iyer,Security,Flight Operations,24,85798,AP012,Training
ST0878,Kabir Nair,Pilot,Customer Support,1,79903,AP028,On Leave
ST0879,Nisha Thomas,Cabin Crew,Flight Operations,15,73131,AP027,Active
ST0880,Emma Joseph,Cabin Crew,Customer Support,7,102826,AP019,On Leave
ST0881,Olivia Sharma,Co-Pilot,Flight Operations,23,85777,AP016,Active
ST0882,Noah Brown,Customer Service,Management,12,128828,AP005,Active
ST0883,Sneha Reddy,Security,Cabin Services,20,122663,AP006,Active
ST0884,Sneha Reddy,Pilot,Engineering,4,123800,AP010,Active
ST0885,Nisha Singh,Operations,Management,6,42935,AP015,Active
ST0886,Sneha Gupta,Co-Pilot,Cabin Services,17,119924,AP005,Active
ST0887,Aditya Nair,Pilot,Customer Support,2,67754,AP025,Active
ST0888,Olivia Joseph,Operations,Customer Support,8,95688,AP011,Active
ST0889,Meera Sharma,Ground Staff,Engineering,4,105157,AP030,Active
ST0890,Vikram Kumar,Maintenance,Cabin Services,3,114851,AP017,Active
ST0891,Aisha Smith,Operations,Management,13,49181,AP002,Active
ST0892,Aisha Smith,Operations,Flight Operations,5,101288,AP004,Active
ST0893,Karan Iyer,Security,Flight Operations,24,51487,AP016,Active
ST0894,Ananya Smith,Cabin Crew,Cabin Services,15,123822,AP016,Active
ST0895,Rohan Joseph,Security,Flight Operations,11,35323,AP006,Active
ST0896,Noah Sharma,Operations,Cabin Services,23,99165,AP026,Active
ST0897,Arjun Martin,Pilot,Cabin Services,23,113039,AP012,Active
ST0898,Diya Iyer,Operations,Flight Operations,5,92596,AP025,Active
ST0899,Aisha Reddy,Customer Service,Customer Support,25,45702,AP025,Active
ST0900,Aditya Kumar,Pilot,Management,15,36709,AP026,Active
ST0901,Arjun Smith,Maintenance,Security,17,82594,AP024,Active
ST0902,Sneha Iyer,Security,Cabin Services,24,99741,AP014,Active
ST0903,Priya Smith,Customer Service,Engineering,20,110526,AP005,Training
ST0904,Noah Kumar,Security,Flight Operations,6,71098,AP017,Active
ST0905,Aisha Martin,Pilot,Flight Operations,2,41899,AP007,Active
ST0906,Emma Sharma,Security,Ground Operations,13,98677,AP009,Training
ST0907,Rohan Iyer,Pilot,Ground Operations,15,113383,AP026,Active
ST0908,Aditya Thomas,Co-Pilot,Flight Operations,3,61032,AP014,Active
ST0909,Rahul Nair,Ground Staff,Management,21,76819,AP008,Active
ST0910,Emma Iyer,Security,Engineering,21,96798,AP024,Training
ST0911,Sneha Smith,Security,Security,14,113130,AP007,Active
ST0912,Sneha Iyer,Co-Pilot,Security,3,29235,AP019,Active
ST0913,Isha Martin,Cabin Crew,Ground Operations,4,109901,AP024,Active
ST0914,Rohan Joseph,Ground Staff,Flight Operations,20,77774,AP024,Active
ST0915,Arjun Nair,Security,Security,24,90569,AP017,Training
ST0916,Daniel Thomas,Customer Service,Cabin Services,7,67907,AP013,Active
ST0917,Priya Gupta,Security,Flight Operations,15,44262,AP006,Active
ST0918,Priya Sharma,Pilot,Cabin Services,7,69334,AP024,Active
ST0919,Rohan Gupta,Maintenance,Engineering,3,108176,AP002,Active
ST0920,Rohan Singh,Maintenance,Engineering,2,76202,AP009,Active
ST0921,Karan Gupta,Operations,Customer Support,12,57155,AP005,Active
ST0922,Olivia Gupta,Security,Security,11,102550,AP024,Active
ST0923,Ananya Taylor,Ground Staff,Ground Operations,14,109409,AP023,Active
ST0924,Aisha Taylor,Maintenance,Cabin Services,8,122881,AP017,Active
ST0925,Vikram Wilson,Pilot,Flight Operations,18,99317,AP020,Active
ST0926,Priya Patel,Security,Cabin Services,7,76982,AP005,On Leave
ST0927,Emma Gupta,Maintenance,Engineering,8,64857,AP004,Active
ST0928,Meera Brown,Pilot,Flight Operations,7,91695,AP016,Active
ST0929,Emma Iyer,Customer Service,Flight Operations,13,107660,AP010,Active
ST0930,Olivia Nair,Cabin Crew,Engineering,11,62580,AP021,On Leave
ST0931,Diya Smith,Customer Service,Engineering,7,52682,AP002,Active
ST0932,Sneha Patel,Cabin Crew,Management,4,51863,AP016,Active
ST0933,Daniel Reddy,Customer Service,Management,16,91961,AP009,Active
ST0934,Kabir Nair,Customer Service,Flight Operations,8,46073,AP026,Active
ST0935,Sneha Wilson,Customer Service,Engineering,21,111814,AP006,Active
ST0936,Daniel Reddy,Ground Staff,Security,14,91406,AP010,Training
ST0937,Rahul Joseph,Security,Engineering,3,53158,AP002,Active
ST0938,Ananya Wilson,Customer Service,Ground Operations,13,92612,AP006,Training
ST0939,Arjun Taylor,Customer Service,Security,14,27686,AP020,Active
ST0940,Ananya Iyer,Pilot,Flight Operations,18,78139,AP009,Active
ST0941,Vikram Singh,Maintenance,Engineering,5,106305,AP006,Active
ST0942,Priya Brown,Customer Service,Ground Operations,12,75354,AP030,Active
ST0943,Rohan Nair,Co-Pilot,Customer Support,20,104367,AP012,Active
ST0944,Kabir Patel,Cabin Crew,Ground Operations,22,59065,AP003,Active
ST0945,Kabir Thomas,Cabin Crew,Management,9,43459,AP010,Active
ST0946,Emma Iyer,Ground Staff,Flight Operations,3,64305,AP030,Active
ST0947,Aditya Brown,Security,Cabin Services,1,59878,AP005,Active
ST0948,Vikram Joseph,Co-Pilot,Management,20,112563,AP012,Active
ST0949,Aarav Smith,Security,Cabin Services,2,79979,AP026,Active
ST0950,Aditya Joseph,Ground Staff,Management,19,59375,AP025,Active
ST0951,Isha Iyer,Security,Ground Operations,11,85330,AP027,Active
ST0952,Meera Smith,Maintenance,Customer Support,21,115594,AP021,Active
ST0953,Aditya Wilson,Maintenance,Cabin Services,15,90701,AP014,Active
ST0954,Aarav Sharma,Ground Staff,Cabin Services,11,53139,AP023,Active
ST0955,Karan Martin,Ground Staff,Security,18,34800,AP013,Active
ST0956,Sneha Wilson,Co-Pilot,Customer Support,21,65493,AP012,Active
ST0957,Aditya Brown,Operations,Cabin Services,11,65347,AP008,Active
ST0958,Priya Nair,Pilot,Cabin Services,4,112122,AP007,Training
ST0959,Aarav Iyer,Cabin Crew,Security,3,116977,AP009,Active
ST0960,Diya Joseph,Co-Pilot,Management,23,37207,AP017,Active
ST0961,Aditya Kumar,Customer Service,Flight Operations,10,44408,AP029,Active
ST0962,Daniel Reddy,Pilot,Flight Operations,20,100581,AP016,On Leave
ST0963,Diya Singh,Pilot,Ground Operations,22,39335,AP013,Active
ST0964,Arjun Wilson,Ground Staff,Engineering,15,90368,AP001,Active
ST0965,Aditya Smith,Operations,Customer Support,12,39886,AP014,Active
ST0966,Ananya Kumar,Ground Staff,Ground Operations,4,115556,AP016,Active
ST0967,Vikram Sharma,Security,Management,7,50298,AP001,Active
ST0968,Sneha Patel,Pilot,Flight Operations,14,50756,AP012,Active
ST0969,Arjun Thomas,Maintenance,Customer Support,1,102508,AP020,Active
ST0970,Daniel Nair,Co-Pilot,Flight Operations,25,40858,AP009,On Leave
ST0971,Isha Singh,Maintenance,Management,4,115984,AP002,Active
ST0972,Emma Taylor,Co-Pilot,Customer Support,24,89464,AP023,Active
ST0973,Aarav Gupta,Co-Pilot,Cabin Services,12,54370,AP029,Active
ST0974,Emma Patel,Cabin Crew,Security,6,117481,AP016,Active
ST0975,Isha Kumar,Customer Service,Cabin Services,9,30880,AP012,Active
ST0976,Nisha Taylor,Ground Staff,Security,20,79445,AP009,Active
ST0977,Ananya Martin,Pilot,Ground Operations,19,108139,AP003,On Leave
ST0978,Noah Singh,Maintenance,Customer Support,4,98743,AP006,Active
ST0979,Noah Gupta,Security,Ground Operations,13,34353,AP005,Active
ST0980,Olivia Singh,Operations,Security,15,73993,AP011,On Leave
ST0981,Olivia Gupta,Security,Flight Operations,9,108138,AP012,Active
ST0982,Daniel Martin,Cabin Crew,Cabin Services,21,70030,AP024,Active
ST0983,Emma Patel,Maintenance,Ground Operations,15,33944,AP017,Active
ST0984,Noah Kumar,Customer Service,Ground Operations,21,121303,AP030,On Leave
ST0985,Meera Brown,Co-Pilot,Management,9,123155,AP025,Active
ST0986,Emma Nair,Ground Staff,Customer Support,14,73226,AP012,Active
ST0987,Emma Reddy,Customer Service,Engineering,16,58824,AP001,Active
ST0988,Arjun Reddy,Customer Service,Customer Support,9,53992,AP016,Training
ST0989,Kabir Smith,Operations,Engineering,5,124801,AP016,Active
ST0990,Emma Joseph,Ground Staff,Flight Operations,1,126595,AP012,On Leave
ST0991,Rohan Gupta,Customer Service,Engineering,2,31890,AP026,Training
ST0992,Rahul Singh,Pilot,Flight Operations,7,80604,AP016,Training
ST0993,Arjun Iyer,Customer Service,Cabin Services,4,89252,AP024,Active
ST0994,Diya Reddy,Cabin Crew,Security,2,32212,AP016,Active
ST0995,Noah Smith,Co-Pilot,Cabin Services,23,53114,AP014,Active
ST0996,Aisha Thomas,Customer Service,Customer Support,16,69431,AP013,Active
ST0997,Arjun Singh,Maintenance,Security,16,114570,AP012,Active
ST0998,Emma Singh,Security,Cabin Services,17,43271,AP026,Active
ST0999,Ananya Wilson,Cabin Crew,Engineering,8,77489,AP029,Active
ST1000,Daniel Wilson,Pilot,Engineering,10,117102,AP020,Active
